Название,Цена,Тип,Ресторан,Ссылка
"Пицца Маргарита"," 99","Пицца","PESTO CAFE","https://eda.ua/restorany/pesto-cafe?custom_utm_source=eda&custom_utm_campaign=catalog-kiev-1&custom_utm_content=2345&custom_utm_medium=ad"
"Пицца Карбонара"," 138","Пицца","PESTO CAFE","https://eda.ua/restorany/pesto-cafe?custom_utm_source=eda&custom_utm_campaign=catalog-kiev-1&custom_utm_content=2345&custom_utm_medium=ad"
"Пицца Гавайская"," 148","Пицца","PESTO CAFE","https://eda.ua/restorany/pesto-cafe?custom_utm_source=eda&custom_utm_campaign=catalog-kiev-1&custom_utm_content=2345&custom_utm_medium=ad"
"Фирменная пицца Песто"," 168","Пицца","PESTO CAFE","https://eda.ua/restorany/pesto-cafe?custom_utm_source=eda&custom_utm_campaign=catalog-kiev-1&custom_utm_content=2345&custom_utm_medium=ad"
"Пицца Цезарь"," 158","Пицца","PESTO CAFE","https://eda.ua/restorany/pesto-cafe?custom_utm_source=eda&custom_utm_campaign=catalog-kiev-1&custom_utm_content=2345&custom_utm_medium=ad"
"Пицца Четыри сыра"," 178","Пицца","PESTO CAFE","https://eda.ua/restorany/pesto-cafe?custom_utm_source=eda&custom_utm_campaign=catalog-kiev-1&custom_utm_content=2345&custom_utm_medium=ad"
"Пицца с салями"," 148","Пицца","PESTO CAFE","https://eda.ua/restorany/pesto-cafe?custom_utm_source=eda&custom_utm_campaign=catalog-kiev-1&custom_utm_content=2345&custom_utm_medium=ad"
"Пицца Тосканская"," 163","Пицца","PESTO CAFE","https://eda.ua/restorany/pesto-cafe?custom_utm_source=eda&custom_utm_campaign=catalog-kiev-1&custom_utm_content=2345&custom_utm_medium=ad"
"Пицца с телятиной"," 173","Пицца","PESTO CAFE","https://eda.ua/restorany/pesto-cafe?custom_utm_source=eda&custom_utm_campaign=catalog-kiev-1&custom_utm_content=2345&custom_utm_medium=ad"
"Дуэт пиццы с телятиной и Цезарь"," 173","Пицца","PESTO CAFE","https://eda.ua/restorany/pesto-cafe?custom_utm_source=eda&custom_utm_campaign=catalog-kiev-1&custom_utm_content=2345&custom_utm_medium=ad"
"Дуэт: Гавайская и Салями"," 148","Пицца","PESTO CAFE","https://eda.ua/restorany/pesto-cafe?custom_utm_source=eda&custom_utm_campaign=catalog-kiev-1&custom_utm_content=2345&custom_utm_medium=ad"
"Пицца с овощами"," 128","Пицца","PESTO CAFE","https://eda.ua/restorany/pesto-cafe?custom_utm_source=eda&custom_utm_campaign=catalog-kiev-1&custom_utm_content=2345&custom_utm_medium=ad"
"Пицца с грибами и ветчиной"," 138","Пицца","PESTO CAFE","https://eda.ua/restorany/pesto-cafe?custom_utm_source=eda&custom_utm_campaign=catalog-kiev-1&custom_utm_content=2345&custom_utm_medium=ad"
"Бульон с курицей и домашней пастой"," 68","Суп","PESTO CAFE","https://eda.ua/restorany/pesto-cafe?custom_utm_source=eda&custom_utm_campaign=catalog-kiev-1&custom_utm_content=2345&custom_utm_medium=ad"
"Суп Минестроне"," 88","Суп","PESTO CAFE","https://eda.ua/restorany/pesto-cafe?custom_utm_source=eda&custom_utm_campaign=catalog-kiev-1&custom_utm_content=2345&custom_utm_medium=ad"
"Крем-суп грибной"," 68","Суп","PESTO CAFE","https://eda.ua/restorany/pesto-cafe?custom_utm_source=eda&custom_utm_campaign=catalog-kiev-1&custom_utm_content=2345&custom_utm_medium=ad"
"Суп с морепродуктами"," 128","Суп","PESTO CAFE","https://eda.ua/restorany/pesto-cafe?custom_utm_source=eda&custom_utm_campaign=catalog-kiev-1&custom_utm_content=2345&custom_utm_medium=ad"
"Томатний суп з телятиною"," 98","Суп","PESTO CAFE","https://eda.ua/restorany/pesto-cafe?custom_utm_source=eda&custom_utm_campaign=catalog-kiev-1&custom_utm_content=2345&custom_utm_medium=ad"
"Овощной салат с муссом из сыра фета"," 98","Салат","PESTO CAFE","https://eda.ua/restorany/pesto-cafe?custom_utm_source=eda&custom_utm_campaign=catalog-kiev-1&custom_utm_content=2345&custom_utm_medium=ad"
"Теплый салат с овощами-гриль"," 108","Салат","PESTO CAFE","https://eda.ua/restorany/pesto-cafe?custom_utm_source=eda&custom_utm_campaign=catalog-kiev-1&custom_utm_content=2345&custom_utm_medium=ad"
"Цезарь с теплым куринным филе"," 138","Салат","PESTO CAFE","https://eda.ua/restorany/pesto-cafe?custom_utm_source=eda&custom_utm_campaign=catalog-kiev-1&custom_utm_content=2345&custom_utm_medium=ad"
"Салат с языком и рукколой"," 148","Салат","PESTO CAFE","https://eda.ua/restorany/pesto-cafe?custom_utm_source=eda&custom_utm_campaign=catalog-kiev-1&custom_utm_content=2345&custom_utm_medium=ad"
"Салат с лососем"," 168","Салат","PESTO CAFE","https://eda.ua/restorany/pesto-cafe?custom_utm_source=eda&custom_utm_campaign=catalog-kiev-1&custom_utm_content=2345&custom_utm_medium=ad"
"Сытный салат с телятиной"," 148","Салат","PESTO CAFE","https://eda.ua/restorany/pesto-cafe?custom_utm_source=eda&custom_utm_campaign=catalog-kiev-1&custom_utm_content=2345&custom_utm_medium=ad"
"Салат с киноа"," 138","Салат","PESTO CAFE","https://eda.ua/restorany/pesto-cafe?custom_utm_source=eda&custom_utm_campaign=catalog-kiev-1&custom_utm_content=2345&custom_utm_medium=ad"
"Спагетти с соусом Карбонара"," 98","Паста","PESTO CAFE","https://eda.ua/restorany/pesto-cafe?custom_utm_source=eda&custom_utm_campaign=catalog-kiev-1&custom_utm_content=2345&custom_utm_medium=ad"
"Тальятелле с куриным филе и грибами"," 108","Паста","PESTO CAFE","https://eda.ua/restorany/pesto-cafe?custom_utm_source=eda&custom_utm_campaign=catalog-kiev-1&custom_utm_content=2345&custom_utm_medium=ad"
"Лазанья Болоньезе"," 98","Паста","PESTO CAFE","https://eda.ua/restorany/pesto-cafe?custom_utm_source=eda&custom_utm_campaign=catalog-kiev-1&custom_utm_content=2345&custom_utm_medium=ad"
"Тальятелле с грибами и прошутто"," 128","Паста","PESTO CAFE","https://eda.ua/restorany/pesto-cafe?custom_utm_source=eda&custom_utm_campaign=catalog-kiev-1&custom_utm_content=2345&custom_utm_medium=ad"
"Тальятелле с телятиной"," 148","Паста","PESTO CAFE","https://eda.ua/restorany/pesto-cafe?custom_utm_source=eda&custom_utm_campaign=catalog-kiev-1&custom_utm_content=2345&custom_utm_medium=ad"
"Паста Арабьята"," 98","Паста","PESTO CAFE","https://eda.ua/restorany/pesto-cafe?custom_utm_source=eda&custom_utm_campaign=catalog-kiev-1&custom_utm_content=2345&custom_utm_medium=ad"
"Спагетти с креветками"," 168","Паста","PESTO CAFE","https://eda.ua/restorany/pesto-cafe?custom_utm_source=eda&custom_utm_campaign=catalog-kiev-1&custom_utm_content=2345&custom_utm_medium=ad"
"Равиоли с кроликом"," 108","Паста","PESTO CAFE","https://eda.ua/restorany/pesto-cafe?custom_utm_source=eda&custom_utm_campaign=catalog-kiev-1&custom_utm_content=2345&custom_utm_medium=ad"
"Равиоли с рикоттой"," 118","Паста","PESTO CAFE","https://eda.ua/restorany/pesto-cafe?custom_utm_source=eda&custom_utm_campaign=catalog-kiev-1&custom_utm_content=2345&custom_utm_medium=ad"
"Равиоли с говядиной и грибным соусом"," 138","Паста","PESTO CAFE","https://eda.ua/restorany/pesto-cafe?custom_utm_source=eda&custom_utm_campaign=catalog-kiev-1&custom_utm_content=2345&custom_utm_medium=ad"
"Салат «Витаминный»"," 10","Салат","Магазин Шашлыка","https://eda.ua/restorany/magazin-shashlyka"
"Аджапсандал на костре"," 21","Салат","Магазин Шашлыка","https://eda.ua/restorany/magazin-shashlyka"
"Имамбаялды"," 21","Салат","Магазин Шашлыка","https://eda.ua/restorany/magazin-shashlyka"
"Салат «Овощной»"," 15","Салат","Магазин Шашлыка","https://eda.ua/restorany/magazin-shashlyka"
"Салат «Цезарь»"," 70","Салат","Осетинские пироги от Зарины","https://eda.ua/restorany/osetinskie-pirogi-ot-zariny"
"Салат «Греческий»"," 60","Салат","Осетинские пироги от Зарины","https://eda.ua/restorany/osetinskie-pirogi-ot-zariny"
"Салат «Овощной»"," 40","Салат","Осетинские пироги от Зарины","https://eda.ua/restorany/osetinskie-pirogi-ot-zariny"
"Салат «Из капусты»"," 30","Салат","Осетинские пироги от Зарины","https://eda.ua/restorany/osetinskie-pirogi-ot-zariny"
"Пицца «Американо» + соус «Баварский»"," от 115","Пицца","Челентано","https://eda.ua/restorany/chelentano"
"Пицца «Баварская» + соус «Баварский»"," от 115","Пицца","Челентано","https://eda.ua/restorany/chelentano"
"Пицца «Гавайская» + соус «Цезаре»"," от 99","Пицца","Челентано","https://eda.ua/restorany/chelentano"
"Пицца «Цезаре»"," от 125","Пицца","Челентано","https://eda.ua/restorany/chelentano"
"Пицца «Каприччиоза» + соус «Цезаре»"," от 130","Пицца","Челентано","https://eda.ua/restorany/chelentano"
"Пицца «Маргарита» + соус «Песто»"," от 95","Пицца","Челентано","https://eda.ua/restorany/chelentano"
"Пицца «Четыре сыра»"," от 135","Пицца","Челентано","https://eda.ua/restorany/chelentano"
"Пицца «Гофредо» + соус «Баварский»"," от 115","Пицца","Челентано","https://eda.ua/restorany/chelentano"
"Пицца «Палермо» + соус «Пивной»"," от 125","Пицца","Челентано","https://eda.ua/restorany/chelentano"
"Пицца «Дьябола» + соус «Пивной»"," от 105","Пицца","Челентано","https://eda.ua/restorany/chelentano"
"Пицца «Сделай сам»"," от 48","Пицца","Челентано","https://eda.ua/restorany/chelentano"
"Кальцоне «Пиколо с курицей»"," 95","Пицца","Челентано","https://eda.ua/restorany/chelentano"
"Кальцоне «Пиколо с салями»"," 95","Пицца","Челентано","https://eda.ua/restorany/chelentano"
"Кальцоне «Пиколо с тунцом»"," 105","Пицца","Челентано","https://eda.ua/restorany/chelentano"
"Солянка"," 59","Суп","Челентано","https://eda.ua/restorany/chelentano"
"Куриный бульон"," 45","Суп","Челентано","https://eda.ua/restorany/chelentano"
"Суп «Грибной капучино»"," 45","Суп","Челентано","https://eda.ua/restorany/chelentano"
"Салат «Греческий»"," 69","Салат","Челентано","https://eda.ua/restorany/chelentano"
"Салат «Оливье русановское»"," 48","Салат","Челентано","https://eda.ua/restorany/chelentano"
"Салат «Бунито»"," 65","Салат","Челентано","https://eda.ua/restorany/chelentano"
"Паста «Тунно»"," 85","Паста","Челентано","https://eda.ua/restorany/chelentano"
"Паста «Полло фунги»"," 85","Паста","Челентано","https://eda.ua/restorany/chelentano"
"Паста «Чили поркетта»"," 85","Паста","Челентано","https://eda.ua/restorany/chelentano"
"Паста с морепродуктами"," 115","Паста","Челентано","https://eda.ua/restorany/chelentano"
"Паста «Вегетариана верде» "," 80","Паста","Челентано","https://eda.ua/restorany/chelentano"
"Острый суп «Гюнику чили»"," 88.40","Суп","Тануки","https://eda.ua/restorany/tanuki"
"Суп «Мисо сиру»"," 27.20","Суп","Тануки","https://eda.ua/restorany/tanuki"
"Рисовый суп «Сякэ тядзукэ»"," 100.30","Суп","Тануки","https://eda.ua/restorany/tanuki"
"Острый кокосовый суп «Эби тай сирy»"," 149.60","Суп","Тануки","https://eda.ua/restorany/tanuki"
"Сырный суп «Канраку сиру»"," 91.80","Суп","Тануки","https://eda.ua/restorany/tanuki"
"Суп «Унаги сиру»"," 117.30","Суп","Тануки","https://eda.ua/restorany/tanuki"
"Фирменный острый суп «Тануки-ям»"," 149.60","Суп","Тануки","https://eda.ua/restorany/tanuki"
"Суп «Фо бо»"," 149.60","Суп","Тануки","https://eda.ua/restorany/tanuki"
"Острый суп «Том кха»"," 81.60","Суп","Тануки","https://eda.ua/restorany/tanuki"
"Суп «Сякэ мисо»"," 107.10","Суп","Тануки","https://eda.ua/restorany/tanuki"
"Салат «Цезарь-сан с курицей»"," 103.70","Салат","Тануки","https://eda.ua/restorany/tanuki"
"Салат «Мидори сарада»"," 66.30","Салат","Тануки","https://eda.ua/restorany/tanuki"
"Салат «Эби уми сарада»"," 113.90","Салат","Тануки","https://eda.ua/restorany/tanuki"
"Салат «Цезарь-сан с креветками»"," 141.10","Салат","Тануки","https://eda.ua/restorany/tanuki"
"Салат «Дайкани сарада»"," 119","Салат","Тануки","https://eda.ua/restorany/tanuki"
"Салат «Насу киро»"," 66.30","Салат","Тануки","https://eda.ua/restorany/tanuki"
"Салат «Хияши-вакамэ»"," 81.60","Салат","Тануки","https://eda.ua/restorany/tanuki"
"Салат «Унаги тофу»"," 130.90","Салат","Тануки","https://eda.ua/restorany/tanuki"
"Салат «Даку сарада»"," 115.60","Салат","Тануки","https://eda.ua/restorany/tanuki"
"Салат «Хикари сарада»"," 95.20","Салат","Тануки","https://eda.ua/restorany/tanuki"
"Салат «Эби сэндо»"," 141.10","Салат","Тануки","https://eda.ua/restorany/tanuki"
"Салат «Сифудо сетзу»"," 140.25","Салат","Тануки","https://eda.ua/restorany/tanuki"
"Салат «Манго сарада»"," 114.75","Салат","Тануки","https://eda.ua/restorany/tanuki"
"Салат «Поке с тунцом»"," 136.85","Салат","Тануки","https://eda.ua/restorany/tanuki"
"Салат «Поке с лососем»"," 136.85","Салат","Тануки","https://eda.ua/restorany/tanuki"
"Сет «Ultimate De Luxe»"," 1 131.35","Суши","Тануки","https://eda.ua/restorany/tanuki"
"Сет «Diamond De Luxe»"," 1 049.75","Суши","Тануки","https://eda.ua/restorany/tanuki"
"Сет «Вегетарианский»"," 204","Суши","Тануки","https://eda.ua/restorany/tanuki"
"Сет «Энкай»"," 816","Суши","Тануки","https://eda.ua/restorany/tanuki"
"Сет «Оренджи»"," 467.50","Суши","Тануки","https://eda.ua/restorany/tanuki"
"Сет «Хината»"," 561","Суши","Тануки","https://eda.ua/restorany/tanuki"
"Сет «Хотто»"," 425","Суши","Тануки","https://eda.ua/restorany/tanuki"
"Сет «Тануки»"," 935","Суши","Тануки","https://eda.ua/restorany/tanuki"
"Сет «Сякэ»"," 561","Суши","Тануки","https://eda.ua/restorany/tanuki"
"Сет «Экспресс № 1»"," 424.15","Суши","Тануки","https://eda.ua/restorany/tanuki"
"Сет «Экспресс № 2»"," 424.15","Суши","Тануки","https://eda.ua/restorany/tanuki"
"Нигири «Магуро»"," 25.50","Суши","Тануки","https://eda.ua/restorany/tanuki"
"Нигири «Сякэ»"," 22.10","Суши","Тануки","https://eda.ua/restorany/tanuki"
"Нигири «Сякэ кунсэй»"," 28.90","Суши","Тануки","https://eda.ua/restorany/tanuki"
"Нигири «Хамачи»"," 40.80","Суши","Тануки","https://eda.ua/restorany/tanuki"
"Нигири «Сякэ когасэ»"," 22.10","Суши","Тануки","https://eda.ua/restorany/tanuki"
"Нигири «Абокадо»"," 17","Суши","Тануки","https://eda.ua/restorany/tanuki"
"Нигири «Эби»"," 32.30","Суши","Тануки","https://eda.ua/restorany/tanuki"
"Нигири «Унаги»"," 39.10","Суши","Тануки","https://eda.ua/restorany/tanuki"
"Гункан «Спайси хамачи»"," 40.80","Суши","Тануки","https://eda.ua/restorany/tanuki"
"Гункан «Икура»"," 51","Суши","Тануки","https://eda.ua/restorany/tanuki"
"Гункан «Тобико»"," 27.20","Суши","Тануки","https://eda.ua/restorany/tanuki"
"Гункан «Спайси сякэ»"," 27.20","Суши","Тануки","https://eda.ua/restorany/tanuki"
"Гункан «Спайси эби»"," 37.40","Суши","Тануки","https://eda.ua/restorany/tanuki"
"Гункан «Хияши»"," 18.70","Суши","Тануки","https://eda.ua/restorany/tanuki"
"Гункан «Кани»"," 54.40","Суши","Тануки","https://eda.ua/restorany/tanuki"
"Гункан «Спайси кани»"," 34","Суши","Тануки","https://eda.ua/restorany/tanuki"
"Гункан «Каруи кани»"," 39.10","Суши","Тануки","https://eda.ua/restorany/tanuki"
"Гункан «Спайси хотатэ»"," 30.60","Суши","Тануки","https://eda.ua/restorany/tanuki"
"Гункан «Спайси магуро»"," 28.90","Суши","Тануки","https://eda.ua/restorany/tanuki"
"Гункан «Спайси унаги»"," 39.10","Суши","Тануки","https://eda.ua/restorany/tanuki"
"Гункан «Спайси ниватори»"," 30.60","Суши","Тануки","https://eda.ua/restorany/tanuki"
"Гункан «Игай»"," 39.10","Суши","Тануки","https://eda.ua/restorany/tanuki"
"Салат «Цезарь»"," 99.95","Салат","Тако","https://eda.ua/restorany/tako"
"Салат «Тако»"," 59.95","Салат","Тако","https://eda.ua/restorany/tako"
"Салат с телятиной"," 79.95","Салат","Тако","https://eda.ua/restorany/tako"
"Бургер «Тасо»"," 113.95","Бургер","Тако","https://eda.ua/restorany/tako"
"Бургер «Mexico»"," 76.95","Бургер","Тако","https://eda.ua/restorany/tako"
"Бургер с беконом и авокадо"," 76.95","Бургер","Тако","https://eda.ua/restorany/tako"
"Бургер «Classic»"," 69.95","Бургер","Тако","https://eda.ua/restorany/tako"
"Бургер «Фиш»"," 54.95","Бургер","Тако","https://eda.ua/restorany/tako"
"Пицца «Супер мясная метровая»"," 349","Пицца","Мафия","https://eda.ua/restorany/mafiya"
"Пицца «Лигурия метровая»"," 269","Пицца","Мафия","https://eda.ua/restorany/mafiya"
"Пицца «Кампанья метровая»"," 319","Пицца","Мафия","https://eda.ua/restorany/mafiya"
"Пицца «Американо метровая»"," 319","Пицца","Мафия","https://eda.ua/restorany/mafiya"
"Пицца «BBQ метровая»"," 319","Пицца","Мафия","https://eda.ua/restorany/mafiya"
"Пицца «Карбонара»"," 119","Пицца","Мафия","https://eda.ua/restorany/mafiya"
"Пицца «Четыре сыра»"," 149","Пицца","Мафия","https://eda.ua/restorany/mafiya"
"Пицца «Гурмео»"," 169","Пицца","Мафия","https://eda.ua/restorany/mafiya"
"Пицца «Полло»"," 109","Пицца","Мафия","https://eda.ua/restorany/mafiya"
"Пицца «Берлускони»"," 129","Пицца","Мафия","https://eda.ua/restorany/mafiya"
"Пицца «Американо»"," 149","Пицца","Мафия","https://eda.ua/restorany/mafiya"
"Пицца «Пепперони»"," 129","Пицца","Мафия","https://eda.ua/restorany/mafiya"
"Пицца «Маргарита»"," 84","Пицца","Мафия","https://eda.ua/restorany/mafiya"
"Пицца с сырным бортиком"," 149","Пицца","Мафия","https://eda.ua/restorany/mafiya"
"Кальцоне"," 119","Пицца","Мафия","https://eda.ua/restorany/mafiya"
"Пицца «Супер гриль»"," 120","Пицца","Мафия","https://eda.ua/restorany/mafiya"
"Суп «Бродо ди Галина»"," 69","Суп","Мафия","https://eda.ua/restorany/mafiya"
"Крем-суп «Пратайоло»"," 79","Суп","Мафия","https://eda.ua/restorany/mafiya"
"Суп «Рамен»"," 89","Суп","Мафия","https://eda.ua/restorany/mafiya"
"Итальянский хлеб"," 24","Суп","Мафия","https://eda.ua/restorany/mafiya"
"Салат «Кайсо»"," 99","Салат","Мафия","https://eda.ua/restorany/mafiya"
"Салат «Цезарь»"," 99","Салат","Мафия","https://eda.ua/restorany/mafiya"
"Салат с карамелизированной печенью"," 89","Салат","Мафия","https://eda.ua/restorany/mafiya"
"Салат «Греческий»"," 89","Салат","Мафия","https://eda.ua/restorany/mafiya"
"Ролл «Филадельфия классическая»"," 149","Суши","Мафия","https://eda.ua/restorany/mafiya"
"Ролл «Маки с огурцом»"," 29","Суши","Мафия","https://eda.ua/restorany/mafiya"
"Ролл «Маки с лососем»"," 59","Суши","Мафия","https://eda.ua/restorany/mafiya"
"Ролл «Чизу чикен»"," 99","Суши","Мафия","https://eda.ua/restorany/mafiya"
"Ролл «Авокадо»"," 99","Суши","Мафия","https://eda.ua/restorany/mafiya"
"Ролл «Калифорния классическая»"," 99","Суши","Мафия","https://eda.ua/restorany/mafiya"
"Ролл «Вега»"," 59","Суши","Мафия","https://eda.ua/restorany/mafiya"
"Ролл «Филадельфия сякэ»"," 99","Суши","Мафия","https://eda.ua/restorany/mafiya"
"Ролл «Филадельфия макси»"," 159","Суши","Мафия","https://eda.ua/restorany/mafiya"
"Ролл «Зеленый дракон»"," 159","Суши","Мафия","https://eda.ua/restorany/mafiya"
"Ролл «Красный дракон»"," 159","Суши","Мафия","https://eda.ua/restorany/mafiya"
"Ролл «Феликс с лососем»"," 99","Суши","Мафия","https://eda.ua/restorany/mafiya"
"Ролл «Золотой дракон»"," 199","Суши","Мафия","https://eda.ua/restorany/mafiya"
"Ролл «Калифорния сякэ»"," 119","Суши","Мафия","https://eda.ua/restorany/mafiya"
"Ролл «Филадельфия унаги»"," 139","Суши","Мафия","https://eda.ua/restorany/mafiya"
"Ролл «Калифорния унаги»"," 149","Суши","Мафия","https://eda.ua/restorany/mafiya"
"Ролл «Унаги маки»"," 79","Суши","Мафия","https://eda.ua/restorany/mafiya"
"Сет «Филадельфия»"," 549","Суши","Мафия","https://eda.ua/restorany/mafiya"
"Сет «Калифорния»"," 319","Суши","Мафия","https://eda.ua/restorany/mafiya"
"Сет «Дракон»"," 699","Суши","Мафия","https://eda.ua/restorany/mafiya"
"Сет «Сякэ»"," 399","Суши","Мафия","https://eda.ua/restorany/mafiya"
"Сет «Фирменный»"," 449","Суши","Мафия","https://eda.ua/restorany/mafiya"
"Суши «Сякэ»"," 29","Суши","Мафия","https://eda.ua/restorany/mafiya"
"Суши «Унаги»"," 39","Суши","Мафия","https://eda.ua/restorany/mafiya"
"Суши «Гункан сякэ»"," 29","Суши","Мафия","https://eda.ua/restorany/mafiya"
"Суши «Гункан сякэ-унаги»"," 39","Суши","Мафия","https://eda.ua/restorany/mafiya"
"Суши «Гункан тобико»"," 29","Суши","Мафия","https://eda.ua/restorany/mafiya"
"Суши «Гункан унаги»"," 39","Суши","Мафия","https://eda.ua/restorany/mafiya"
"Мисо-суп"," 59","Суп","Sushi Point","https://eda.ua/restorany/sushi-point"
"Мисо-суп с лососем"," 69","Суп","Sushi Point","https://eda.ua/restorany/sushi-point"
"Мисо-суп с креветкой"," 69","Суп","Sushi Point","https://eda.ua/restorany/sushi-point"
"Салат «Банзай»"," 69","Салат","Sushi Point","https://eda.ua/restorany/sushi-point"
"Салат «От шефа»"," 49","Салат","Sushi Point","https://eda.ua/restorany/sushi-point"
"Салат с креветками и авокадо"," 59","Салат","Sushi Point","https://eda.ua/restorany/sushi-point"
"Салат «Чука»"," 69","Салат","Sushi Point","https://eda.ua/restorany/sushi-point"
"Ролл «Кейзай чикен»"," 79","Суши","Sushi Point","https://eda.ua/restorany/sushi-point"
"Ролл «Филадельфия Vega»"," 99","Суши","Sushi Point","https://eda.ua/restorany/sushi-point"
"Ролл «Smile»"," 109","Суши","Sushi Point","https://eda.ua/restorany/sushi-point"
"Ролл «Филадельфия с лососем»"," 109","Суши","Sushi Point","https://eda.ua/restorany/sushi-point"
"Ролл «Спайс лосось»"," 129","Суши","Sushi Point","https://eda.ua/restorany/sushi-point"
"Ролл «Сырный»"," 139","Суши","Sushi Point","https://eda.ua/restorany/sushi-point"
"Ролл с лососем и базиликом"," 119","Суши","Sushi Point","https://eda.ua/restorany/sushi-point"
"Ролл «Калифорния»"," 129","Суши","Sushi Point","https://eda.ua/restorany/sushi-point"
"Ролл «Хияши унаги»"," 159","Суши","Sushi Point","https://eda.ua/restorany/sushi-point"
"Ролл «Пивной»"," 139","Суши","Sushi Point","https://eda.ua/restorany/sushi-point"
"Суши «Нигири лосось»"," 29","Суши","Sushi Point","https://eda.ua/restorany/sushi-point"
"Суши «Гункан хияши-вакамэ»"," 19","Суши","Sushi Point","https://eda.ua/restorany/sushi-point"
"Суши «Гункан спайс лосось»"," 19","Суши","Sushi Point","https://eda.ua/restorany/sushi-point"
"Суши «Гункан краб-крем»"," 19","Суши","Sushi Point","https://eda.ua/restorany/sushi-point"
"Суши «Нигири копченый лосось»"," 35","Суши","Sushi Point","https://eda.ua/restorany/sushi-point"
"Суши «Нигири угорь»"," 49","Суши","Sushi Point","https://eda.ua/restorany/sushi-point"
"Суши «Нигири креветка»"," 39","Суши","Sushi Point","https://eda.ua/restorany/sushi-point"
"Суши «Нигири тунец»"," 35","Суши","Sushi Point","https://eda.ua/restorany/sushi-point"
"Сет «Love S-P»"," 359","Суши","Sushi Point","https://eda.ua/restorany/sushi-point"
"Сет «1 килограмм»"," 379","Суши","Sushi Point","https://eda.ua/restorany/sushi-point"
"Сет «500 грамм»"," 169","Суши","Sushi Point","https://eda.ua/restorany/sushi-point"
"Сет «1,5 килограмма»"," 549","Суши","Sushi Point","https://eda.ua/restorany/sushi-point"
"Мини-сет № 1"," 199","Суши","Sushi Point","https://eda.ua/restorany/sushi-point"
"Мини-сет № 2"," 229","Суши","Sushi Point","https://eda.ua/restorany/sushi-point"
"Сет «Маки»"," 379","Суши","Sushi Point","https://eda.ua/restorany/sushi-point"
"Сет «Три дракона»"," 399","Суши","Sushi Point","https://eda.ua/restorany/sushi-point"
"Сет «Филадельфия»"," 499","Суши","Sushi Point","https://eda.ua/restorany/sushi-point"
"Сет «Калифорния на две персоны»"," 319","Суши","Sushi Point","https://eda.ua/restorany/sushi-point"
"Сет «Филадельфия на две персоны»"," 349","Суши","Sushi Point","https://eda.ua/restorany/sushi-point"
"Сет «Оригинальный на две персоны»"," 349","Суши","Sushi Point","https://eda.ua/restorany/sushi-point"
"Сет «Калифорния на три персоны»"," 419","Суши","Sushi Point","https://eda.ua/restorany/sushi-point"
"Сет «Филадельфия на три персоны»"," 489","Суши","Sushi Point","https://eda.ua/restorany/sushi-point"
"Сет «Оригинальный на три персоны»"," 499","Суши","Sushi Point","https://eda.ua/restorany/sushi-point"
"Суши-торт"," 1 299","Суши","Sushi Point","https://eda.ua/restorany/sushi-point"
"Суп «Нудл с лапшой и курицей» "," 79","Суп","Лапша-бар «Noodle Doodle»","https://eda.ua/restorany/lapsha-bar-noodle-doodle"
"Суп «Кокосовый Нудл с курицей»"," 85","Суп","Лапша-бар «Noodle Doodle»","https://eda.ua/restorany/lapsha-bar-noodle-doodle"
"Суп «Кокосовый нудл с креветками»"," 105","Суп","Лапша-бар «Noodle Doodle»","https://eda.ua/restorany/lapsha-bar-noodle-doodle"
"Суп «Нудл удон»"," 85","Суп","Лапша-бар «Noodle Doodle»","https://eda.ua/restorany/lapsha-bar-noodle-doodle"
"Суп «Нудл с морепродуктами»"," 115","Суп","Лапша-бар «Noodle Doodle»","https://eda.ua/restorany/lapsha-bar-noodle-doodle"
"Суп «Нудл Том-ям с креветками и кальмаром»"," 125","Суп","Лапша-бар «Noodle Doodle»","https://eda.ua/restorany/lapsha-bar-noodle-doodle"
"Суп «Нудл Том-ям с курицей»"," 95","Суп","Лапша-бар «Noodle Doodle»","https://eda.ua/restorany/lapsha-bar-noodle-doodle"
"Суп «Нудл с пельменями «Гедза» с курицей»"," 79","Суп","Лапша-бар «Noodle Doodle»","https://eda.ua/restorany/lapsha-bar-noodle-doodle"
"Салат «Хияши»"," 65","Салат","Лапша-бар «Noodle Doodle»","https://eda.ua/restorany/lapsha-bar-noodle-doodle"
"Салат «Овощной»"," 65","Салат","Лапша-бар «Noodle Doodle»","https://eda.ua/restorany/lapsha-bar-noodle-doodle"
"Салат «НудлЦезарь с курицей»"," 89","Салат","Лапша-бар «Noodle Doodle»","https://eda.ua/restorany/lapsha-bar-noodle-doodle"
"Салат с крабовым мясом"," 79","Салат","Лапша-бар «Noodle Doodle»","https://eda.ua/restorany/lapsha-bar-noodle-doodle"
"Салат с курицей"," 79","Салат","Лапша-бар «Noodle Doodle»","https://eda.ua/restorany/lapsha-bar-noodle-doodle"
"Салат с манго, авокадо и лапшой"," 89","Салат","Лапша-бар «Noodle Doodle»","https://eda.ua/restorany/lapsha-bar-noodle-doodle"
"Салат с манго, авокадо и курицей"," 89","Салат","Лапша-бар «Noodle Doodle»","https://eda.ua/restorany/lapsha-bar-noodle-doodle"
"Хашлама"," 83","Суп","SEZAMFOOD справжня східна кухня","https://eda.ua/restorany/sezamfood-spravzhnya-shidna-kuhnya"
"Суп «Харчо»"," 72","Суп","SEZAMFOOD справжня східна кухня","https://eda.ua/restorany/sezamfood-spravzhnya-shidna-kuhnya"
"Салат «Ереван»"," 55","Салат","SEZAMFOOD справжня східна кухня","https://eda.ua/restorany/sezamfood-spravzhnya-shidna-kuhnya"
"Салат «Сезам»"," 83","Салат","SEZAMFOOD справжня східна кухня","https://eda.ua/restorany/sezamfood-spravzhnya-shidna-kuhnya"
"Пицца «Маргарита» (30 см)"," 95","Пицца","Pizza House","https://eda.ua/restorany/pizza-house"
"Пицца «Грибная поляна» (30 см)"," 115","Пицца","Pizza House","https://eda.ua/restorany/pizza-house"
"Пицца «Четыре сезона» (30 см)"," 119","Пицца","Pizza House","https://eda.ua/restorany/pizza-house"
"Пицца «Ассорти» (30 см)"," 129","Пицца","Pizza House","https://eda.ua/restorany/pizza-house"
"Пицца «Вегетарианская» (30 см)"," 129","Пицца","Pizza House","https://eda.ua/restorany/pizza-house"
"Пицца «Пепперони» (30 см)"," 129","Пицца","Pizza House","https://eda.ua/restorany/pizza-house"
"Пицца «Восточная красавица» (30 см)"," 135","Пицца","Pizza House","https://eda.ua/restorany/pizza-house"
"Пицца «Кваттро ди карне» (30 см)"," 135","Пицца","Pizza House","https://eda.ua/restorany/pizza-house"
"Пицца «Мюнхенская» (30 см)"," 135","Пицца","Pizza House","https://eda.ua/restorany/pizza-house"
"Пицца «Классическая» (30 см)"," 135","Пицца","Pizza House","https://eda.ua/restorany/pizza-house"
"Пицца «Тревизо» (30 см)"," 135","Пицца","Pizza House","https://eda.ua/restorany/pizza-house"
"Пицца «Футбольная» (30 см)"," 135","Пицца","Pizza House","https://eda.ua/restorany/pizza-house"
"Пицца «Гавайская» (30 см)"," 139","Пицца","Pizza House","https://eda.ua/restorany/pizza-house"
"Пицца «Корно россо» (30 см)"," 139","Пицца","Pizza House","https://eda.ua/restorany/pizza-house"
"Пицца «Мясной бум» (30 см)"," 139","Пицца","Pizza House","https://eda.ua/restorany/pizza-house"
"Пицца «Пикантэ» (30 см)"," 139","Пицца","Pizza House","https://eda.ua/restorany/pizza-house"
"Пицца «Охотничья» (30 см)"," 139","Пицца","Pizza House","https://eda.ua/restorany/pizza-house"
"Пицца «Семейная» (30 см)"," 139","Пицца","Pizza House","https://eda.ua/restorany/pizza-house"
"Пицца «Студенческая» (30 см)"," 139","Пицца","Pizza House","https://eda.ua/restorany/pizza-house"
"Пицца «Тартарино» (30 см)"," 139","Пицца","Pizza House","https://eda.ua/restorany/pizza-house"
"Пицца «Толстый фраер» (30 см)"," 139","Пицца","Pizza House","https://eda.ua/restorany/pizza-house"
"Пицца «Фантазия вкуса» (30 см)"," 139","Пицца","Pizza House","https://eda.ua/restorany/pizza-house"
"Пицца «Четыре сыра» (30 см)"," 165","Пицца","Pizza House","https://eda.ua/restorany/pizza-house"
"Пицца «Морская» (30 см)"," 189","Пицца","Pizza House","https://eda.ua/restorany/pizza-house"
"Пицца «Дольче» (30 см)"," 199","Пицца","Pizza House","https://eda.ua/restorany/pizza-house"
"Пицца «Маргарита» (40 см)"," 125.10","Пицца","Pizza House","https://eda.ua/restorany/pizza-house"
"Пицца «Грибная поляна» (40 см)"," 193.50","Пицца","Pizza House","https://eda.ua/restorany/pizza-house"
"Пицца «Четыре сезона» (40 см)"," 197.10","Пицца","Pizza House","https://eda.ua/restorany/pizza-house"
"Пицца «Ассорти» (40 см)"," 215.10","Пицца","Pizza House","https://eda.ua/restorany/pizza-house"
"Пицца «Вегетарианская» (40 см)"," 215.10","Пицца","Pizza House","https://eda.ua/restorany/pizza-house"
"Пицца «Пепперони» (40 см)"," 215.10","Пицца","Pizza House","https://eda.ua/restorany/pizza-house"
"Пицца «Восточная красавица» (40 см)"," 224.10","Пицца","Pizza House","https://eda.ua/restorany/pizza-house"
"Пицца «Кваттро ди карне» (40 см)"," 224.10","Пицца","Pizza House","https://eda.ua/restorany/pizza-house"
"Пицца «Мюнхенская» (40 см)"," 224.10","Пицца","Pizza House","https://eda.ua/restorany/pizza-house"
"Пицца «Классическая» (40 см)"," 224.10","Пицца","Pizza House","https://eda.ua/restorany/pizza-house"
"Пицца «Тревизо» (40 см)"," 224.10","Пицца","Pizza House","https://eda.ua/restorany/pizza-house"
"Пицца «Футбольная» (40 см)"," 224.10","Пицца","Pizza House","https://eda.ua/restorany/pizza-house"
"Пицца «Гавайская» (40 см)"," 229.50","Пицца","Pizza House","https://eda.ua/restorany/pizza-house"
"Пицца «Корно россо» (40 см)"," 229.50","Пицца","Pizza House","https://eda.ua/restorany/pizza-house"
"Пицца «Мясной бум» (40 см)"," 229.50","Пицца","Pizza House","https://eda.ua/restorany/pizza-house"
"Пицца «Пикантэ» (40 см)"," 229.50","Пицца","Pizza House","https://eda.ua/restorany/pizza-house"
"Пицца «Охотничья» (40 см)"," 229.50","Пицца","Pizza House","https://eda.ua/restorany/pizza-house"
"Пицца «Семейная» (40 см)"," 229.50","Пицца","Pizza House","https://eda.ua/restorany/pizza-house"
"Пицца «Студенческая» (40 см)"," 229.50","Пицца","Pizza House","https://eda.ua/restorany/pizza-house"
"Пицца «Тартарино» (40 см)"," 229.50","Пицца","Pizza House","https://eda.ua/restorany/pizza-house"
"Пицца «Толстый фраер» (40 см)"," 229.50","Пицца","Pizza House","https://eda.ua/restorany/pizza-house"
"Пицца «Фантазия вкуса» (40 см)"," 229.50","Пицца","Pizza House","https://eda.ua/restorany/pizza-house"
"Пицца «Четыре сыра» (40 см)"," 256.50","Пицца","Pizza House","https://eda.ua/restorany/pizza-house"
"Пицца «Морская» (40 см)"," 314.10","Пицца","Pizza House","https://eda.ua/restorany/pizza-house"
"Пицца «Дольче» (40 см)"," 332.10","Пицца","Pizza House","https://eda.ua/restorany/pizza-house"
"Кальцоне «Мясная»"," 119","Пицца","Pizza House","https://eda.ua/restorany/pizza-house"
"Кальцоне «Сырная»"," 125","Пицца","Pizza House","https://eda.ua/restorany/pizza-house"
"Крем-суп «Грибной»"," 59","Суп","Pizza House","https://eda.ua/restorany/pizza-house"
"Крем-суп из брокколи"," 49","Суп","Pizza House","https://eda.ua/restorany/pizza-house"
"Мисо-суп"," 45","Суп","Pizza House","https://eda.ua/restorany/pizza-house"
"Мисо-суп с курицей"," 49","Суп","Pizza House","https://eda.ua/restorany/pizza-house"
"Мисо-суп с лососем"," 85","Суп","Pizza House","https://eda.ua/restorany/pizza-house"
"Мисо-суп с угрем"," 97","Суп","Pizza House","https://eda.ua/restorany/pizza-house"
"Суп «Оями»"," 49","Суп","Pizza House","https://eda.ua/restorany/pizza-house"
"Острый суп с телятиной"," 59","Суп","Pizza House","https://eda.ua/restorany/pizza-house"
"Суп «Сливочный с лососем»"," 85","Суп","Pizza House","https://eda.ua/restorany/pizza-house"
"Крем-суп «Сырный»"," 59","Суп","Pizza House","https://eda.ua/restorany/pizza-house"
"Суп «Куриный с лапшой»"," 45","Суп","Pizza House","https://eda.ua/restorany/pizza-house"
"Микс-салат с беконом"," 95","Салат","Pizza House","https://eda.ua/restorany/pizza-house"
"Микс-салат с копченым куриным филе и апельсином"," 85","Салат","Pizza House","https://eda.ua/restorany/pizza-house"
"Микс-салат с курицей"," 95","Салат","Pizza House","https://eda.ua/restorany/pizza-house"
"Салат «Греческий»"," 85","Салат","Pizza House","https://eda.ua/restorany/pizza-house"
"Салат «Овощной микс»"," 79","Салат","Pizza House","https://eda.ua/restorany/pizza-house"
"Салат «Цезарь с курицей»"," 109","Салат","Pizza House","https://eda.ua/restorany/pizza-house"
"Салат «Цезарь с лососем»"," 129","Салат","Pizza House","https://eda.ua/restorany/pizza-house"
"Микс-салат с лососем и горошком"," 119","Салат","Pizza House","https://eda.ua/restorany/pizza-house"
"Салат «Чука»"," 89","Салат","Pizza House","https://eda.ua/restorany/pizza-house"
"Паста «Болоньезе»"," 79","Паста","Pizza House","https://eda.ua/restorany/pizza-house"
"Паста «Карбонара»"," 89","Паста","Pizza House","https://eda.ua/restorany/pizza-house"
"Паста с курицей"," 85","Паста","Pizza House","https://eda.ua/restorany/pizza-house"
"Паста «Сырная»"," 89","Паста","Pizza House","https://eda.ua/restorany/pizza-house"
"Паста с морепродуктами"," 135","Паста","Pizza House","https://eda.ua/restorany/pizza-house"
"Ролл «Аляска краб»"," 89.10","Суши","Pizza House","https://eda.ua/restorany/pizza-house"
"Ролл «Аляска кунсей»"," 107.10","Суши","Pizza House","https://eda.ua/restorany/pizza-house"
"Ролл «Аляска с курицей»"," 89.10","Суши","Pizza House","https://eda.ua/restorany/pizza-house"
"Ролл «Аляска с лососем»"," 107.10","Суши","Pizza House","https://eda.ua/restorany/pizza-house"
"Ролл «Аляска с угрем»"," 125.10","Суши","Pizza House","https://eda.ua/restorany/pizza-house"
"Ролл «Бонито кунсей»"," 107.10","Суши","Pizza House","https://eda.ua/restorany/pizza-house"
"Ролл «Бонито с крабом»"," 89.10","Суши","Pizza House","https://eda.ua/restorany/pizza-house"
"Ролл «Бонито с курицей»"," 89.10","Суши","Pizza House","https://eda.ua/restorany/pizza-house"
"Ролл «Бонито с лососем»"," 107.10","Суши","Pizza House","https://eda.ua/restorany/pizza-house"
"Ролл «Бонито с угрем»"," 125.10","Суши","Pizza House","https://eda.ua/restorany/pizza-house"
"Ролл «Драйв»"," 156.60","Суши","Pizza House","https://eda.ua/restorany/pizza-house"
"Ролл «Калифорния кунсей»"," 107.10","Суши","Pizza House","https://eda.ua/restorany/pizza-house"
"Ролл «Калифорния с крабом»"," 89.10","Суши","Pizza House","https://eda.ua/restorany/pizza-house"
"Ролл «Калифорния с курицей»"," 89.10","Суши","Pizza House","https://eda.ua/restorany/pizza-house"
"Ролл «Калифорния с лососем»"," 107.10","Суши","Pizza House","https://eda.ua/restorany/pizza-house"
"Ролл «Калифорния с угрем»"," 125.10","Суши","Pizza House","https://eda.ua/restorany/pizza-house"
"Ролл «Каппа маки»"," 35.10","Суши","Pizza House","https://eda.ua/restorany/pizza-house"
"Ролл «Кунсей маки»"," 71.10","Суши","Pizza House","https://eda.ua/restorany/pizza-house"
"Ролл «Сяке маки»"," 71.10","Суши","Pizza House","https://eda.ua/restorany/pizza-house"
"Ролл «Унаги маки»"," 98.10","Суши","Pizza House","https://eda.ua/restorany/pizza-house"
"Ролл «Филадельфия classic»"," 125.10","Суши","Pizza House","https://eda.ua/restorany/pizza-house"
"Ролл «Филадельфия кунсей»"," 125.10","Суши","Pizza House","https://eda.ua/restorany/pizza-house"
"Ролл «Филадельфия с угрем»"," 156.60","Суши","Pizza House","https://eda.ua/restorany/pizza-house"
"Ролл «Филадельфия с авокадо»"," 120.60","Суши","Pizza House","https://eda.ua/restorany/pizza-house"
"Ролл «Хоккайдо»"," 125.10","Суши","Pizza House","https://eda.ua/restorany/pizza-house"
"Ролл «Ясай вега»"," 62.10","Суши","Pizza House","https://eda.ua/restorany/pizza-house"
"Ролл «Авокадо маки»"," 44.10","Суши","Pizza House","https://eda.ua/restorany/pizza-house"
"Ролл «Сяке кунсей фирменный»"," 89.10","Суши","Pizza House","https://eda.ua/restorany/pizza-house"
"Сет «Филадельфия»"," 549","Суши","Pizza House","https://eda.ua/restorany/pizza-house"
"Сет «Студенческий»"," 399","Суши","Pizza House","https://eda.ua/restorany/pizza-house"
"Сет «Ямато»"," 439","Суши","Pizza House","https://eda.ua/restorany/pizza-house"
"Сет «Хотака»"," 519","Суши","Pizza House","https://eda.ua/restorany/pizza-house"
"Сет «Мидори»"," 349","Суши","Pizza House","https://eda.ua/restorany/pizza-house"
"Сет «Мурасаки»"," 549","Суши","Pizza House","https://eda.ua/restorany/pizza-house"
"Сет «Гункан микс»"," 249","Суши","Pizza House","https://eda.ua/restorany/pizza-house"
"Сет «Фудзи»"," 499","Суши","Pizza House","https://eda.ua/restorany/pizza-house"
"Суши «Гункан краб»"," 29","Суши","Pizza House","https://eda.ua/restorany/pizza-house"
"Суши «Гункан кунсей»"," 35","Суши","Pizza House","https://eda.ua/restorany/pizza-house"
"Суши «Гункан лосось»"," 35","Суши","Pizza House","https://eda.ua/restorany/pizza-house"
"Суши «Гункан угорь»"," 39","Суши","Pizza House","https://eda.ua/restorany/pizza-house"
"Суши «Гункан с копченым куриным филе»"," 32","Суши","Pizza House","https://eda.ua/restorany/pizza-house"
"Пицца «Маргарита»"," от 120","Пицца","Pizzarium","https://eda.ua/restorany/pizzarium"
"Пицца «Неаполитанская»"," от 84","Пицца","Pizzarium","https://eda.ua/restorany/pizzarium"
"Пицца «Пепперони»"," от 130","Пицца","Pizzarium","https://eda.ua/restorany/pizzarium"
"Пицца «Гавайская»"," от 125","Пицца","Pizzarium","https://eda.ua/restorany/pizzarium"
"Пицца «Баварская»"," от 145","Пицца","Pizzarium","https://eda.ua/restorany/pizzarium"
"Пицца «Атлантическая»"," от 185","Пицца","Pizzarium","https://eda.ua/restorany/pizzarium"
"Пицца «Тосканская»"," от 160","Пицца","Pizzarium","https://eda.ua/restorany/pizzarium"
"Пицца «Четыре сезона»"," от 115","Пицца","Pizzarium","https://eda.ua/restorany/pizzarium"
"Пицца «Мексиканская»"," от 108","Пицца","Pizzarium","https://eda.ua/restorany/pizzarium"
"Пицца «Валлетта»"," от 135","Пицца","Pizzarium","https://eda.ua/restorany/pizzarium"
"Пицца «Маринара»"," от 155","Пицца","Pizzarium","https://eda.ua/restorany/pizzarium"
"Пицца «Римская»"," от 140","Пицца","Pizzarium","https://eda.ua/restorany/pizzarium"
"Пицца «Четыре сыра»"," от 150","Пицца","Pizzarium","https://eda.ua/restorany/pizzarium"
"Пицца «Торино»"," от 165","Пицца","Pizzarium","https://eda.ua/restorany/pizzarium"
"Пицца «Сицилийская»"," от 125","Пицца","Pizzarium","https://eda.ua/restorany/pizzarium"
"Пицца «Каприччиозо»"," от 120","Пицца","Pizzarium","https://eda.ua/restorany/pizzarium"
"Пицца «Греческая»"," от 130","Пицца","Pizzarium","https://eda.ua/restorany/pizzarium"
"Пицца «Марино»"," от 120","Пицца","Pizzarium","https://eda.ua/restorany/pizzarium"
"Пицца «Карбонара»"," от 150","Пицца","Pizzarium","https://eda.ua/restorany/pizzarium"
"Пицца «Вегетарианская»"," от 130","Пицца","Pizzarium","https://eda.ua/restorany/pizzarium"
"Пицца «Миланская»"," от 120","Пицца","Pizzarium","https://eda.ua/restorany/pizzarium"
"Пицца «Свой рецепт» на тонком тесте"," от 85","Пицца","Pizzarium","https://eda.ua/restorany/pizzarium"
"Пицца «Свой рецепт» на толстом тесте"," от 85","Пицца","Pizzarium","https://eda.ua/restorany/pizzarium"
"Салат с рукколой"," 75","Салат","Pizzarium","https://eda.ua/restorany/pizzarium"
"Салат «Греческий»"," 85","Салат","Pizzarium","https://eda.ua/restorany/pizzarium"
"Салат «Цезарь»"," 90","Салат","Pizzarium","https://eda.ua/restorany/pizzarium"
"Пицца «Гавайи»"," от 70","Пицца","Mister Cat","https://eda.ua/restorany/mister-cat?custom_utm_source=eda&custom_utm_campaign=catalog-kiev-3&custom_utm_content=2495&custom_utm_medium=ad"
"Пицца «Маргарита»"," от 70","Пицца","Mister Cat","https://eda.ua/restorany/mister-cat?custom_utm_source=eda&custom_utm_campaign=catalog-kiev-3&custom_utm_content=2495&custom_utm_medium=ad"
"Пицца «Пепперони»"," от 83","Пицца","Mister Cat","https://eda.ua/restorany/mister-cat?custom_utm_source=eda&custom_utm_campaign=catalog-kiev-3&custom_utm_content=2495&custom_utm_medium=ad"
"Пицца «Веган»"," от 83","Пицца","Mister Cat","https://eda.ua/restorany/mister-cat?custom_utm_source=eda&custom_utm_campaign=catalog-kiev-3&custom_utm_content=2495&custom_utm_medium=ad"
"Пицца «Чикен»"," от 83","Пицца","Mister Cat","https://eda.ua/restorany/mister-cat?custom_utm_source=eda&custom_utm_campaign=catalog-kiev-3&custom_utm_content=2495&custom_utm_medium=ad"
"Пицца «Болоньезе»"," от 83","Пицца","Mister Cat","https://eda.ua/restorany/mister-cat?custom_utm_source=eda&custom_utm_campaign=catalog-kiev-3&custom_utm_content=2495&custom_utm_medium=ad"
"Пицца «Терияки»"," от 83","Пицца","Mister Cat","https://eda.ua/restorany/mister-cat?custom_utm_source=eda&custom_utm_campaign=catalog-kiev-3&custom_utm_content=2495&custom_utm_medium=ad"
"Пицца «Карбонара»"," от 83","Пицца","Mister Cat","https://eda.ua/restorany/mister-cat?custom_utm_source=eda&custom_utm_campaign=catalog-kiev-3&custom_utm_content=2495&custom_utm_medium=ad"
"Пицца «Лос-Анджелес»"," от 94","Пицца","Mister Cat","https://eda.ua/restorany/mister-cat?custom_utm_source=eda&custom_utm_campaign=catalog-kiev-3&custom_utm_content=2495&custom_utm_medium=ad"
"Пицца «Барбекю»"," от 94","Пицца","Mister Cat","https://eda.ua/restorany/mister-cat?custom_utm_source=eda&custom_utm_campaign=catalog-kiev-3&custom_utm_content=2495&custom_utm_medium=ad"
"Пицца «Сыр»"," от 95","Пицца","Mister Cat","https://eda.ua/restorany/mister-cat?custom_utm_source=eda&custom_utm_campaign=catalog-kiev-3&custom_utm_content=2495&custom_utm_medium=ad"
"Пицца «Спайс»"," от 95","Пицца","Mister Cat","https://eda.ua/restorany/mister-cat?custom_utm_source=eda&custom_utm_campaign=catalog-kiev-3&custom_utm_content=2495&custom_utm_medium=ad"
"Пицца «Мясо»"," от 107","Пицца","Mister Cat","https://eda.ua/restorany/mister-cat?custom_utm_source=eda&custom_utm_campaign=catalog-kiev-3&custom_utm_content=2495&custom_utm_medium=ad"
"Пицца «Нью-Йорк»"," от 107","Пицца","Mister Cat","https://eda.ua/restorany/mister-cat?custom_utm_source=eda&custom_utm_campaign=catalog-kiev-3&custom_utm_content=2495&custom_utm_medium=ad"
"Пицца «Мексикано»"," от 107","Пицца","Mister Cat","https://eda.ua/restorany/mister-cat?custom_utm_source=eda&custom_utm_campaign=catalog-kiev-3&custom_utm_content=2495&custom_utm_medium=ad"
"Пицца «Дабл пепперони»"," от 113","Пицца","Mister Cat","https://eda.ua/restorany/mister-cat?custom_utm_source=eda&custom_utm_campaign=catalog-kiev-3&custom_utm_content=2495&custom_utm_medium=ad"
"Пицца «Дабл сыр»"," от 113","Пицца","Mister Cat","https://eda.ua/restorany/mister-cat?custom_utm_source=eda&custom_utm_campaign=catalog-kiev-3&custom_utm_content=2495&custom_utm_medium=ad"
"Пицца «Дабл мясо»"," от 119","Пицца","Mister Cat","https://eda.ua/restorany/mister-cat?custom_utm_source=eda&custom_utm_campaign=catalog-kiev-3&custom_utm_content=2495&custom_utm_medium=ad"
"Пицца «Mister Cat»"," от 132","Пицца","Mister Cat","https://eda.ua/restorany/mister-cat?custom_utm_source=eda&custom_utm_campaign=catalog-kiev-3&custom_utm_content=2495&custom_utm_medium=ad"
"Пицца «Сан-Ремо»"," от 95","Пицца","Mister Cat","https://eda.ua/restorany/mister-cat?custom_utm_source=eda&custom_utm_campaign=catalog-kiev-3&custom_utm_content=2495&custom_utm_medium=ad"
"Куриный бульон"," 59","Суп","Mister Cat","https://eda.ua/restorany/mister-cat?custom_utm_source=eda&custom_utm_campaign=catalog-kiev-3&custom_utm_content=2495&custom_utm_medium=ad"
"Крем-суп «Сырный»"," 59","Суп","Mister Cat","https://eda.ua/restorany/mister-cat?custom_utm_source=eda&custom_utm_campaign=catalog-kiev-3&custom_utm_content=2495&custom_utm_medium=ad"
"Крем-суп «Грибной»"," 59","Суп","Mister Cat","https://eda.ua/restorany/mister-cat?custom_utm_source=eda&custom_utm_campaign=catalog-kiev-3&custom_utm_content=2495&custom_utm_medium=ad"
"Окрошка"," 59","Суп","Mister Cat","https://eda.ua/restorany/mister-cat?custom_utm_source=eda&custom_utm_campaign=catalog-kiev-3&custom_utm_content=2495&custom_utm_medium=ad"
"Суп «Том-ям»"," 119","Суп","Mister Cat","https://eda.ua/restorany/mister-cat?custom_utm_source=eda&custom_utm_campaign=catalog-kiev-3&custom_utm_content=2495&custom_utm_medium=ad"
"Мисо-суп"," 59","Суп","Mister Cat","https://eda.ua/restorany/mister-cat?custom_utm_source=eda&custom_utm_campaign=catalog-kiev-3&custom_utm_content=2495&custom_utm_medium=ad"
"Салат «Чука»"," 95","Салат","Mister Cat","https://eda.ua/restorany/mister-cat?custom_utm_source=eda&custom_utm_campaign=catalog-kiev-3&custom_utm_content=2495&custom_utm_medium=ad"
"Салат «Тори кунсей»"," 95","Салат","Mister Cat","https://eda.ua/restorany/mister-cat?custom_utm_source=eda&custom_utm_campaign=catalog-kiev-3&custom_utm_content=2495&custom_utm_medium=ad"
"Салат «Фалафель»"," 95","Салат","Mister Cat","https://eda.ua/restorany/mister-cat?custom_utm_source=eda&custom_utm_campaign=catalog-kiev-3&custom_utm_content=2495&custom_utm_medium=ad"
"Салат «Мистер Цезарь с курицей»"," 107","Салат","Mister Cat","https://eda.ua/restorany/mister-cat?custom_utm_source=eda&custom_utm_campaign=catalog-kiev-3&custom_utm_content=2495&custom_utm_medium=ad"
"Салат «Греко»"," 107","Салат","Mister Cat","https://eda.ua/restorany/mister-cat?custom_utm_source=eda&custom_utm_campaign=catalog-kiev-3&custom_utm_content=2495&custom_utm_medium=ad"
"Салат «Парма с персиком»"," 119","Салат","Mister Cat","https://eda.ua/restorany/mister-cat?custom_utm_source=eda&custom_utm_campaign=catalog-kiev-3&custom_utm_content=2495&custom_utm_medium=ad"
"Салат «Luxury мистер Цезарь»"," 132","Салат","Mister Cat","https://eda.ua/restorany/mister-cat?custom_utm_source=eda&custom_utm_campaign=catalog-kiev-3&custom_utm_content=2495&custom_utm_medium=ad"
"Салат «Мистер Цезарь с лососем»"," 167","Салат","Mister Cat","https://eda.ua/restorany/mister-cat?custom_utm_source=eda&custom_utm_campaign=catalog-kiev-3&custom_utm_content=2495&custom_utm_medium=ad"
"Салат «Доминикана»"," 179","Салат","Mister Cat","https://eda.ua/restorany/mister-cat?custom_utm_source=eda&custom_utm_campaign=catalog-kiev-3&custom_utm_content=2495&custom_utm_medium=ad"
"Салат «Печеные овощи»"," 107","Салат","Mister Cat","https://eda.ua/restorany/mister-cat?custom_utm_source=eda&custom_utm_campaign=catalog-kiev-3&custom_utm_content=2495&custom_utm_medium=ad"
"Паста «Карбонара»"," 95","Паста","Mister Cat","https://eda.ua/restorany/mister-cat?custom_utm_source=eda&custom_utm_campaign=catalog-kiev-3&custom_utm_content=2495&custom_utm_medium=ad"
"Паста «Болоньезе»"," 95","Паста","Mister Cat","https://eda.ua/restorany/mister-cat?custom_utm_source=eda&custom_utm_campaign=catalog-kiev-3&custom_utm_content=2495&custom_utm_medium=ad"
"Печеные овощи"," от 107","Паста","Mister Cat","https://eda.ua/restorany/mister-cat?custom_utm_source=eda&custom_utm_campaign=catalog-kiev-3&custom_utm_content=2495&custom_utm_medium=ad"
"Курица"," от 107","Паста","Mister Cat","https://eda.ua/restorany/mister-cat?custom_utm_source=eda&custom_utm_campaign=catalog-kiev-3&custom_utm_content=2495&custom_utm_medium=ad"
"Карибы"," от 143","Паста","Mister Cat","https://eda.ua/restorany/mister-cat?custom_utm_source=eda&custom_utm_campaign=catalog-kiev-3&custom_utm_content=2495&custom_utm_medium=ad"
"Свинина"," от 107","Паста","Mister Cat","https://eda.ua/restorany/mister-cat?custom_utm_source=eda&custom_utm_campaign=catalog-kiev-3&custom_utm_content=2495&custom_utm_medium=ad"
"Телятина"," от 107","Паста","Mister Cat","https://eda.ua/restorany/mister-cat?custom_utm_source=eda&custom_utm_campaign=catalog-kiev-3&custom_utm_content=2495&custom_utm_medium=ad"
"Ролл «Веган»"," 83","Суши","Mister Cat","https://eda.ua/restorany/mister-cat?custom_utm_source=eda&custom_utm_campaign=catalog-kiev-3&custom_utm_content=2495&custom_utm_medium=ad"
"Ролл «Авокадо-тобико»"," 95","Суши","Mister Cat","https://eda.ua/restorany/mister-cat?custom_utm_source=eda&custom_utm_campaign=catalog-kiev-3&custom_utm_content=2495&custom_utm_medium=ad"
"Ролл с тунцом"," 107","Суши","Mister Cat","https://eda.ua/restorany/mister-cat?custom_utm_source=eda&custom_utm_campaign=catalog-kiev-3&custom_utm_content=2495&custom_utm_medium=ad"
"Ролл «Лосось-кунжут»"," 107","Суши","Mister Cat","https://eda.ua/restorany/mister-cat?custom_utm_source=eda&custom_utm_campaign=catalog-kiev-3&custom_utm_content=2495&custom_utm_medium=ad"
"Ролл «Зеленый дракон»"," 131","Суши","Mister Cat","https://eda.ua/restorany/mister-cat?custom_utm_source=eda&custom_utm_campaign=catalog-kiev-3&custom_utm_content=2495&custom_utm_medium=ad"
"Ролл «Лосось-тобико»"," 131","Суши","Mister Cat","https://eda.ua/restorany/mister-cat?custom_utm_source=eda&custom_utm_campaign=catalog-kiev-3&custom_utm_content=2495&custom_utm_medium=ad"
"Ролл «Филадельфия»"," 143","Суши","Mister Cat","https://eda.ua/restorany/mister-cat?custom_utm_source=eda&custom_utm_campaign=catalog-kiev-3&custom_utm_content=2495&custom_utm_medium=ad"
"Ролл «Лосось-авокадо»"," 143","Суши","Mister Cat","https://eda.ua/restorany/mister-cat?custom_utm_source=eda&custom_utm_campaign=catalog-kiev-3&custom_utm_content=2495&custom_utm_medium=ad"
"Ролл «Лосось с тунцом»"," 155","Суши","Mister Cat","https://eda.ua/restorany/mister-cat?custom_utm_source=eda&custom_utm_campaign=catalog-kiev-3&custom_utm_content=2495&custom_utm_medium=ad"
"Ролл «Киото»"," 167","Суши","Mister Cat","https://eda.ua/restorany/mister-cat?custom_utm_source=eda&custom_utm_campaign=catalog-kiev-3&custom_utm_content=2495&custom_utm_medium=ad"
"Ролл «Красный дракон»"," 167","Суши","Mister Cat","https://eda.ua/restorany/mister-cat?custom_utm_source=eda&custom_utm_campaign=catalog-kiev-3&custom_utm_content=2495&custom_utm_medium=ad"
"Ролл «Радужный дракон»"," 179","Суши","Mister Cat","https://eda.ua/restorany/mister-cat?custom_utm_source=eda&custom_utm_campaign=catalog-kiev-3&custom_utm_content=2495&custom_utm_medium=ad"
"Ролл «Токио»"," 179","Суши","Mister Cat","https://eda.ua/restorany/mister-cat?custom_utm_source=eda&custom_utm_campaign=catalog-kiev-3&custom_utm_content=2495&custom_utm_medium=ad"
"Ролл «Золотой дракон»"," 203","Суши","Mister Cat","https://eda.ua/restorany/mister-cat?custom_utm_source=eda&custom_utm_campaign=catalog-kiev-3&custom_utm_content=2495&custom_utm_medium=ad"
"Ролл с лангустином"," 239","Суши","Mister Cat","https://eda.ua/restorany/mister-cat?custom_utm_source=eda&custom_utm_campaign=catalog-kiev-3&custom_utm_content=2495&custom_utm_medium=ad"
"Ролл «Авокадо-кунжут»"," 71","Суши","Mister Cat","https://eda.ua/restorany/mister-cat?custom_utm_source=eda&custom_utm_campaign=catalog-kiev-3&custom_utm_content=2495&custom_utm_medium=ad"
"Сет «Три дракона»"," 432","Суши","Mister Cat","https://eda.ua/restorany/mister-cat?custom_utm_source=eda&custom_utm_campaign=catalog-kiev-3&custom_utm_content=2495&custom_utm_medium=ad"
"Суп «Карри Лакса с креветками»"," 179","Суп","Meiwei","https://eda.ua/restorany/meiwei"
"Мисо-суп"," 85","Суп","Meiwei","https://eda.ua/restorany/meiwei"
"Суп «Рамен с уткой»"," 129","Суп","Meiwei","https://eda.ua/restorany/meiwei"
"Суп «Рамен со свининой»"," 125","Суп","Meiwei","https://eda.ua/restorany/meiwei"
"Суп «Том Ям с креветками»"," 179","Суп","Meiwei","https://eda.ua/restorany/meiwei"
"Суп «Том Ям с курицей»"," 129","Суп","Meiwei","https://eda.ua/restorany/meiwei"
"Салат с уткой «По-пекински» и сливовым соусом"," 110","Салат","Meiwei","https://eda.ua/restorany/meiwei"
"Салат с сыром «Тофу» и овощами"," 75","Салат","Meiwei","https://eda.ua/restorany/meiwei"
"Теплый салат с морепродуктами"," 119","Салат","Meiwei","https://eda.ua/restorany/meiwei"
"Лапша «Пад Тай с курицей»"," 105","Паста","Meiwei","https://eda.ua/restorany/meiwei"
"Лапша «Пад Тай с овощами»"," 105","Паста","Meiwei","https://eda.ua/restorany/meiwei"
"Лапша «Стеклянная с курицей»"," 95","Паста","Meiwei","https://eda.ua/restorany/meiwei"
"Лапша «Удон с говядиной»"," 119","Паста","Meiwei","https://eda.ua/restorany/meiwei"
"Мисо-суп «Классический»"," 34","Суп","Суши Мастер","https://eda.ua/restorany/sushi-master"
"Суп «Суимоно»"," 59","Суп","Суши Мастер","https://eda.ua/restorany/sushi-master"
"Суп с морепродуктами"," 79","Суп","Суши Мастер","https://eda.ua/restorany/sushi-master"
"Мисо-суп с лососем"," 49","Суп","Суши Мастер","https://eda.ua/restorany/sushi-master"
"Суп с угрем"," 99","Суп","Суши Мастер","https://eda.ua/restorany/sushi-master"
"Суп «Том-ям»"," 119","Суп","Суши Мастер","https://eda.ua/restorany/sushi-master"
"Салат «Тайский»"," 69","Салат","Суши Мастер","https://eda.ua/restorany/sushi-master"
"Салат c жареной креветкой"," 89","Салат","Суши Мастер","https://eda.ua/restorany/sushi-master"
"Салат «Хияши-вакамэ»"," 59","Салат","Суши Мастер","https://eda.ua/restorany/sushi-master"
"Салат «Сезонный»"," 33","Салат","Суши Мастер","https://eda.ua/restorany/sushi-master"
"Рисовые чипсы"," 19","Салат","Суши Мастер","https://eda.ua/restorany/sushi-master"
"Креветка темпура"," 16","Салат","Суши Мастер","https://eda.ua/restorany/sushi-master"
"Сыр «Моцарела» фри"," 69","Салат","Суши Мастер","https://eda.ua/restorany/sushi-master"
"Куриные стрипсы"," 69","Салат","Суши Мастер","https://eda.ua/restorany/sushi-master"
"Лапша «Удон с курицей»"," 79","Паста","Суши Мастер","https://eda.ua/restorany/sushi-master"
"Лапша «Удон с курицей» XL"," 105","Паста","Суши Мастер","https://eda.ua/restorany/sushi-master"
"Лапша «Удон с телятиной»"," 89","Паста","Суши Мастер","https://eda.ua/restorany/sushi-master"
"Лапша «Удон с телятиной» XL"," 109","Паста","Суши Мастер","https://eda.ua/restorany/sushi-master"
"Лапша «Удон с овощами»"," 61","Паста","Суши Мастер","https://eda.ua/restorany/sushi-master"
"Лапша «Удон с овощами» XL"," 85","Паста","Суши Мастер","https://eda.ua/restorany/sushi-master"
"Лапша «Удон с морепродуктами»"," 114","Паста","Суши Мастер","https://eda.ua/restorany/sushi-master"
"Лапша «Удон с морепродуктами» XL"," 134","Паста","Суши Мастер","https://eda.ua/restorany/sushi-master"
"Лапша «Рисовая с курицей»"," 85","Паста","Суши Мастер","https://eda.ua/restorany/sushi-master"
"Лапша «Рисовая с курицей» XL"," 105","Паста","Суши Мастер","https://eda.ua/restorany/sushi-master"
"Лапша «Рисовая с телятиной»"," 89","Паста","Суши Мастер","https://eda.ua/restorany/sushi-master"
"Лапша «Рисовая с телятиной» XL"," 109","Паста","Суши Мастер","https://eda.ua/restorany/sushi-master"
"Лапша «Рисовая с морепродуктами»"," 114","Паста","Суши Мастер","https://eda.ua/restorany/sushi-master"
"Лапша «Рисовая с морепродуктами» XL"," 134","Паста","Суши Мастер","https://eda.ua/restorany/sushi-master"
"Лапша «Рисовая с овощами»"," 61","Паста","Суши Мастер","https://eda.ua/restorany/sushi-master"
"Лапша «Рисовая с овощами» XL"," 85","Паста","Суши Мастер","https://eda.ua/restorany/sushi-master"
"Ролл «Филадельфия гурман»"," 179","Суши","Суши Мастер","https://eda.ua/restorany/sushi-master"
"Ролл «Футомаки с копченым лососем»"," 98","Суши","Суши Мастер","https://eda.ua/restorany/sushi-master"
"Ролл «Хаманиши»"," 117","Суши","Суши Мастер","https://eda.ua/restorany/sushi-master"
"Ролл «Чиз»"," 65","Суши","Суши Мастер","https://eda.ua/restorany/sushi-master"
"Ролл «Маки с угрем»"," 86","Суши","Суши Мастер","https://eda.ua/restorany/sushi-master"
"Ролл «Маки с лососем»"," 65","Суши","Суши Мастер","https://eda.ua/restorany/sushi-master"
"Ролл «Суши Мастер»"," 98","Суши","Суши Мастер","https://eda.ua/restorany/sushi-master"
"Ролл «Нинику»"," 99","Суши","Суши Мастер","https://eda.ua/restorany/sushi-master"
"Ролл «Темари»"," 58","Суши","Суши Мастер","https://eda.ua/restorany/sushi-master"
"Ролл «Калифорния с лососем в кунжуте»"," 84","Суши","Суши Мастер","https://eda.ua/restorany/sushi-master"
"Ролл «Фуджи»"," 113","Суши","Суши Мастер","https://eda.ua/restorany/sushi-master"
"Ролл «Калифорния краб микс»"," 64","Суши","Суши Мастер","https://eda.ua/restorany/sushi-master"
"Ролл «Окинава»"," 114","Суши","Суши Мастер","https://eda.ua/restorany/sushi-master"
"Ролл «Филадельфия лайт»"," 79","Суши","Суши Мастер","https://eda.ua/restorany/sushi-master"
"Ролл «Калифорния с лососем в икре»"," 94","Суши","Суши Мастер","https://eda.ua/restorany/sushi-master"
"Ролл «Маки огурец»"," 39","Суши","Суши Мастер","https://eda.ua/restorany/sushi-master"
"Ролл «Калифорния с копченым лососем в икре»"," 117","Суши","Суши Мастер","https://eda.ua/restorany/sushi-master"
"Ролл «Калифорния темпура»"," 79","Суши","Суши Мастер","https://eda.ua/restorany/sushi-master"
"Ролл «Дракон с лососем»"," 159","Суши","Суши Мастер","https://eda.ua/restorany/sushi-master"
"Ролл «Дракон»"," 186","Суши","Суши Мастер","https://eda.ua/restorany/sushi-master"
"Ролл «Маки с копченым лососем»"," 73","Суши","Суши Мастер","https://eda.ua/restorany/sushi-master"
"Ролл «Феликс»"," 75","Суши","Суши Мастер","https://eda.ua/restorany/sushi-master"
"Ролл «Калифорния с крабовым миксом в икре»"," 79","Суши","Суши Мастер","https://eda.ua/restorany/sushi-master"
"Ролл «Филадельфия найт»"," 112","Суши","Суши Мастер","https://eda.ua/restorany/sushi-master"
"Ролл «Маки с авокадо»"," 54","Суши","Суши Мастер","https://eda.ua/restorany/sushi-master"
"Ролл «Филадельфия де люкс с копченым лососем»"," 139","Суши","Суши Мастер","https://eda.ua/restorany/sushi-master"
"Ролл «Филадельфия де люкс»"," 112","Суши","Суши Мастер","https://eda.ua/restorany/sushi-master"
"Ролл «Тунец»"," 139","Суши","Суши Мастер","https://eda.ua/restorany/sushi-master"
"Ролл «Оушен темпура»"," 99","Суши","Суши Мастер","https://eda.ua/restorany/sushi-master"
"Ролл «Нежный с лососем»"," 98","Суши","Суши Мастер","https://eda.ua/restorany/sushi-master"
"Ролл «Нежный с курицей»"," 84","Суши","Суши Мастер","https://eda.ua/restorany/sushi-master"
"Ролл «Футомаки с лососем»"," 93","Суши","Суши Мастер","https://eda.ua/restorany/sushi-master"
"Ролл «Калифорния с копченым лососем в кунжуте»"," 108","Суши","Суши Мастер","https://eda.ua/restorany/sushi-master"
"Ролл «Темпура»"," 73","Суши","Суши Мастер","https://eda.ua/restorany/sushi-master"
"Ролл «Филадельфия классик»"," 159","Суши","Суши Мастер","https://eda.ua/restorany/sushi-master"
"Ролл «Калифорния с хияши»"," 69","Суши","Суши Мастер","https://eda.ua/restorany/sushi-master"
"Ролл «Феликс копченый»"," 93","Суши","Суши Мастер","https://eda.ua/restorany/sushi-master"
"Ролл «Филадельфия лайт копченая»"," 109","Суши","Суши Мастер","https://eda.ua/restorany/sushi-master"
"Ролл «Маки с лососем и сыром»"," 69","Суши","Суши Мастер","https://eda.ua/restorany/sushi-master"
"Ролл «Маки с креветкой»"," 62","Суши","Суши Мастер","https://eda.ua/restorany/sushi-master"
"Ролл «Угорь темпура»"," 129","Суши","Суши Мастер","https://eda.ua/restorany/sushi-master"
"Ролл «Калифорния де люкс»"," 129","Суши","Суши Мастер","https://eda.ua/restorany/sushi-master"
"Ролл «Золотой дракон»"," 179","Суши","Суши Мастер","https://eda.ua/restorany/sushi-master"
"Ролл «Кранч с креветкой»"," 89","Суши","Суши Мастер","https://eda.ua/restorany/sushi-master"
"Ролл «Рейнбоу»"," 149","Суши","Суши Мастер","https://eda.ua/restorany/sushi-master"
"Ролл «Филадельфия в угре»"," 189","Суши","Суши Мастер","https://eda.ua/restorany/sushi-master"
"Ролл «Футомаки с креветкой в темпуре»"," 89","Суши","Суши Мастер","https://eda.ua/restorany/sushi-master"
"Ролл «Радужный дракон»"," 149","Суши","Суши Мастер","https://eda.ua/restorany/sushi-master"
"Суши «Копченый лосось»"," 36","Суши","Суши Мастер","https://eda.ua/restorany/sushi-master"
"Суши «Лосось»"," 26","Суши","Суши Мастер","https://eda.ua/restorany/sushi-master"
"Суши «Угорь»"," 43","Суши","Суши Мастер","https://eda.ua/restorany/sushi-master"
"Суши «Тунец»"," 32","Суши","Суши Мастер","https://eda.ua/restorany/sushi-master"
"Суши «Креветка»"," 32","Суши","Суши Мастер","https://eda.ua/restorany/sushi-master"
"Суши «Гункан с угрем»"," 41","Суши","Суши Мастер","https://eda.ua/restorany/sushi-master"
"Суши «Гункан с лососем»"," 32","Суши","Суши Мастер","https://eda.ua/restorany/sushi-master"
"Суши «Гункан с тунцом»"," 39","Суши","Суши Мастер","https://eda.ua/restorany/sushi-master"
"Суши «Гункан с креветками»"," 29","Суши","Суши Мастер","https://eda.ua/restorany/sushi-master"
"Сет «Фила хит»"," 299","Суши","Суши Мастер","https://eda.ua/restorany/sushi-master"
"Сет «Фаворит»"," 859","Суши","Суши Мастер","https://eda.ua/restorany/sushi-master"
"Сет «Гранд Филадельфия»"," 399","Суши","Суши Мастер","https://eda.ua/restorany/sushi-master"
"Сет «5 хитов»"," 379","Суши","Суши Мастер","https://eda.ua/restorany/sushi-master"
"Сет «Рок-н-ролл»"," 379","Суши","Суши Мастер","https://eda.ua/restorany/sushi-master"
"Сет «Микс»"," 379","Суши","Суши Мастер","https://eda.ua/restorany/sushi-master"
"Сет «Бинго»"," 279","Суши","Суши Мастер","https://eda.ua/restorany/sushi-master"
"Сет «Филадельфия макси»"," 268","Суши","Суши Мастер","https://eda.ua/restorany/sushi-master"
"Сет «Филадельфия»"," 340","Суши","Суши Мастер","https://eda.ua/restorany/sushi-master"
"Сет «Хитовый»"," 899","Суши","Суши Мастер","https://eda.ua/restorany/sushi-master"
"Сет «Вега»"," 125","Суши","Суши Мастер","https://eda.ua/restorany/sushi-master"
"Сет «Маки»"," 179","Суши","Суши Мастер","https://eda.ua/restorany/sushi-master"
"Сет «Мегахит»"," 345","Суши","Суши Мастер","https://eda.ua/restorany/sushi-master"
"Сет «Чемпион»"," 579","Суши","Суши Мастер","https://eda.ua/restorany/sushi-master"
"Сет «Золотой дракон»"," 399","Суши","Суши Мастер","https://eda.ua/restorany/sushi-master"
"Сет «Теплый»"," 339","Суши","Суши Мастер","https://eda.ua/restorany/sushi-master"
"Сет «Гурман»"," 379","Суши","Суши Мастер","https://eda.ua/restorany/sushi-master"
"Салат «Греческий» "," 92","Салат","SHASHLIKYAN справжній шашлик","https://eda.ua/restorany/shashlikyan-spravzhniy-shashlik"
"Салат «Овощной с базиликом»"," 55","Салат","SHASHLIKYAN справжній шашлик","https://eda.ua/restorany/shashlikyan-spravzhniy-shashlik"
"Салат «Имамбаялды»"," 78","Салат","SHASHLIKYAN справжній шашлик","https://eda.ua/restorany/shashlikyan-spravzhniy-shashlik"
"Салат «Аджапсандал»"," 80","Салат","SHASHLIKYAN справжній шашлик","https://eda.ua/restorany/shashlikyan-spravzhniy-shashlik"
"Салат «Овощная нарезка»"," 55","Салат","SHASHLIKYAN справжній шашлик","https://eda.ua/restorany/shashlikyan-spravzhniy-shashlik"
"Кальцоне «Бьянка»"," 155","Пицца","Доставка пиццы и суши 33","https://eda.ua/restorany/dostavka-piccy-i-sushi-33?custom_utm_source=eda&custom_utm_campaign=catalog-kiev-2&custom_utm_content=1847&custom_utm_medium=ad"
"Кальцоне «Россо»"," 155","Пицца","Доставка пиццы и суши 33","https://eda.ua/restorany/dostavka-piccy-i-sushi-33?custom_utm_source=eda&custom_utm_campaign=catalog-kiev-2&custom_utm_content=1847&custom_utm_medium=ad"
"Пицца «Изола»"," от 210","Пицца","Доставка пиццы и суши 33","https://eda.ua/restorany/dostavka-piccy-i-sushi-33?custom_utm_source=eda&custom_utm_campaign=catalog-kiev-2&custom_utm_content=1847&custom_utm_medium=ad"
"Пицца «33»"," от 210","Пицца","Доставка пиццы и суши 33","https://eda.ua/restorany/dostavka-piccy-i-sushi-33?custom_utm_source=eda&custom_utm_campaign=catalog-kiev-2&custom_utm_content=1847&custom_utm_medium=ad"
"Пицца «Голд»"," от 225","Пицца","Доставка пиццы и суши 33","https://eda.ua/restorany/dostavka-piccy-i-sushi-33?custom_utm_source=eda&custom_utm_campaign=catalog-kiev-2&custom_utm_content=1847&custom_utm_medium=ad"
"Пицца «Карне»"," от 220","Пицца","Доставка пиццы и суши 33","https://eda.ua/restorany/dostavka-piccy-i-sushi-33?custom_utm_source=eda&custom_utm_campaign=catalog-kiev-2&custom_utm_content=1847&custom_utm_medium=ad"
"Пицца «Четыре сыра»"," от 225","Пицца","Доставка пиццы и суши 33","https://eda.ua/restorany/dostavka-piccy-i-sushi-33?custom_utm_source=eda&custom_utm_campaign=catalog-kiev-2&custom_utm_content=1847&custom_utm_medium=ad"
"Пицца «Баварская»"," от 200","Пицца","Доставка пиццы и суши 33","https://eda.ua/restorany/dostavka-piccy-i-sushi-33?custom_utm_source=eda&custom_utm_campaign=catalog-kiev-2&custom_utm_content=1847&custom_utm_medium=ad"
"Пицца «Барбекю»"," от 200","Пицца","Доставка пиццы и суши 33","https://eda.ua/restorany/dostavka-piccy-i-sushi-33?custom_utm_source=eda&custom_utm_campaign=catalog-kiev-2&custom_utm_content=1847&custom_utm_medium=ad"
"Пицца «Копертино соле»"," 195","Пицца","Доставка пиццы и суши 33","https://eda.ua/restorany/dostavka-piccy-i-sushi-33?custom_utm_source=eda&custom_utm_campaign=catalog-kiev-2&custom_utm_content=1847&custom_utm_medium=ad"
"Пицца «Диабло»"," от 200","Пицца","Доставка пиццы и суши 33","https://eda.ua/restorany/dostavka-piccy-i-sushi-33?custom_utm_source=eda&custom_utm_campaign=catalog-kiev-2&custom_utm_content=1847&custom_utm_medium=ad"
"Пицца «Мясное ассорти»"," от 210","Пицца","Доставка пиццы и суши 33","https://eda.ua/restorany/dostavka-piccy-i-sushi-33?custom_utm_source=eda&custom_utm_campaign=catalog-kiev-2&custom_utm_content=1847&custom_utm_medium=ad"
"Пицца «Чизбургер»"," от 225","Пицца","Доставка пиццы и суши 33","https://eda.ua/restorany/dostavka-piccy-i-sushi-33?custom_utm_source=eda&custom_utm_campaign=catalog-kiev-2&custom_utm_content=1847&custom_utm_medium=ad"
"Пицца «Семь сыров»"," от 260","Пицца","Доставка пиццы и суши 33","https://eda.ua/restorany/dostavka-piccy-i-sushi-33?custom_utm_source=eda&custom_utm_campaign=catalog-kiev-2&custom_utm_content=1847&custom_utm_medium=ad"
"Пицца «Дон бекон»"," от 195","Пицца","Доставка пиццы и суши 33","https://eda.ua/restorany/dostavka-piccy-i-sushi-33?custom_utm_source=eda&custom_utm_campaign=catalog-kiev-2&custom_utm_content=1847&custom_utm_medium=ad"
"Пицца «Жульен»"," от 180","Пицца","Доставка пиццы и суши 33","https://eda.ua/restorany/dostavka-piccy-i-sushi-33?custom_utm_source=eda&custom_utm_campaign=catalog-kiev-2&custom_utm_content=1847&custom_utm_medium=ad"
"Пицца «Свой рецепт» (30 см)"," от 125","Пицца","Доставка пиццы и суши 33","https://eda.ua/restorany/dostavka-piccy-i-sushi-33?custom_utm_source=eda&custom_utm_campaign=catalog-kiev-2&custom_utm_content=1847&custom_utm_medium=ad"
"Пицца «Свой рецепт» (36 см)"," от 145","Пицца","Доставка пиццы и суши 33","https://eda.ua/restorany/dostavka-piccy-i-sushi-33?custom_utm_source=eda&custom_utm_campaign=catalog-kiev-2&custom_utm_content=1847&custom_utm_medium=ad"
"Пицца «Свой рецепт» (40 см)"," от 165","Пицца","Доставка пиццы и суши 33","https://eda.ua/restorany/dostavka-piccy-i-sushi-33?custom_utm_source=eda&custom_utm_campaign=catalog-kiev-2&custom_utm_content=1847&custom_utm_medium=ad"
"Пицца «Пять сыров»"," от 240","Пицца","Доставка пиццы и суши 33","https://eda.ua/restorany/dostavka-piccy-i-sushi-33?custom_utm_source=eda&custom_utm_campaign=catalog-kiev-2&custom_utm_content=1847&custom_utm_medium=ad"
"Пицца «Сыр с мясом»"," от 225","Пицца","Доставка пиццы и суши 33","https://eda.ua/restorany/dostavka-piccy-i-sushi-33?custom_utm_source=eda&custom_utm_campaign=catalog-kiev-2&custom_utm_content=1847&custom_utm_medium=ad"
"Пицца «Копертино густо» (30 см)"," 195","Пицца","Доставка пиццы и суши 33","https://eda.ua/restorany/dostavka-piccy-i-sushi-33?custom_utm_source=eda&custom_utm_campaign=catalog-kiev-2&custom_utm_content=1847&custom_utm_medium=ad"
"Пицца «Вегетарианская»"," от 180","Пицца","Доставка пиццы и суши 33","https://eda.ua/restorany/dostavka-piccy-i-sushi-33?custom_utm_source=eda&custom_utm_campaign=catalog-kiev-2&custom_utm_content=1847&custom_utm_medium=ad"
"Пицца «Королевская»"," от 280","Пицца","Доставка пиццы и суши 33","https://eda.ua/restorany/dostavka-piccy-i-sushi-33?custom_utm_source=eda&custom_utm_campaign=catalog-kiev-2&custom_utm_content=1847&custom_utm_medium=ad"
"Пицца «Мексиканская»"," от 260","Пицца","Доставка пиццы и суши 33","https://eda.ua/restorany/dostavka-piccy-i-sushi-33?custom_utm_source=eda&custom_utm_campaign=catalog-kiev-2&custom_utm_content=1847&custom_utm_medium=ad"
"Пицца «Студенческая»"," от 180","Пицца","Доставка пиццы и суши 33","https://eda.ua/restorany/dostavka-piccy-i-sushi-33?custom_utm_source=eda&custom_utm_campaign=catalog-kiev-2&custom_utm_content=1847&custom_utm_medium=ad"
"Пицца «Тартар»"," от 170","Пицца","Доставка пиццы и суши 33","https://eda.ua/restorany/dostavka-piccy-i-sushi-33?custom_utm_source=eda&custom_utm_campaign=catalog-kiev-2&custom_utm_content=1847&custom_utm_medium=ad"
"Пицца «Верона»"," от 165","Пицца","Доставка пиццы и суши 33","https://eda.ua/restorany/dostavka-piccy-i-sushi-33?custom_utm_source=eda&custom_utm_campaign=catalog-kiev-2&custom_utm_content=1847&custom_utm_medium=ad"
"Пицца «Капоне»"," от 150","Пицца","Доставка пиццы и суши 33","https://eda.ua/restorany/dostavka-piccy-i-sushi-33?custom_utm_source=eda&custom_utm_campaign=catalog-kiev-2&custom_utm_content=1847&custom_utm_medium=ad"
"Пицца «Чиполло»"," от 150","Пицца","Доставка пиццы и суши 33","https://eda.ua/restorany/dostavka-piccy-i-sushi-33?custom_utm_source=eda&custom_utm_campaign=catalog-kiev-2&custom_utm_content=1847&custom_utm_medium=ad"
"Пицца «Прошутто кон фунги»"," от 140","Пицца","Доставка пиццы и суши 33","https://eda.ua/restorany/dostavka-piccy-i-sushi-33?custom_utm_source=eda&custom_utm_campaign=catalog-kiev-2&custom_utm_content=1847&custom_utm_medium=ad"
"Пицца «Маргарита»"," от 135","Пицца","Доставка пиццы и суши 33","https://eda.ua/restorany/dostavka-piccy-i-sushi-33?custom_utm_source=eda&custom_utm_campaign=catalog-kiev-2&custom_utm_content=1847&custom_utm_medium=ad"
"Пицца «Примавера»"," от 150","Пицца","Доставка пиццы и суши 33","https://eda.ua/restorany/dostavka-piccy-i-sushi-33?custom_utm_source=eda&custom_utm_campaign=catalog-kiev-2&custom_utm_content=1847&custom_utm_medium=ad"
"Пицца «Пепперони»"," от 155","Пицца","Доставка пиццы и суши 33","https://eda.ua/restorany/dostavka-piccy-i-sushi-33?custom_utm_source=eda&custom_utm_campaign=catalog-kiev-2&custom_utm_content=1847&custom_utm_medium=ad"
"Пицца «Гавайская премиум»"," от 175","Пицца","Доставка пиццы и суши 33","https://eda.ua/restorany/dostavka-piccy-i-sushi-33?custom_utm_source=eda&custom_utm_campaign=catalog-kiev-2&custom_utm_content=1847&custom_utm_medium=ad"
"Пицца «Эмилия»"," от 150","Пицца","Доставка пиццы и суши 33","https://eda.ua/restorany/dostavka-piccy-i-sushi-33?custom_utm_source=eda&custom_utm_campaign=catalog-kiev-2&custom_utm_content=1847&custom_utm_medium=ad"
"Крем-суп «Грибной»"," 60","Суп","Доставка пиццы и суши 33","https://eda.ua/restorany/dostavka-piccy-i-sushi-33?custom_utm_source=eda&custom_utm_campaign=catalog-kiev-2&custom_utm_content=1847&custom_utm_medium=ad"
"Суп с угрем и яйцом"," 89","Суп","Доставка пиццы и суши 33","https://eda.ua/restorany/dostavka-piccy-i-sushi-33?custom_utm_source=eda&custom_utm_campaign=catalog-kiev-2&custom_utm_content=1847&custom_utm_medium=ad"
"Мисо-суп"," 45","Суп","Доставка пиццы и суши 33","https://eda.ua/restorany/dostavka-piccy-i-sushi-33?custom_utm_source=eda&custom_utm_campaign=catalog-kiev-2&custom_utm_content=1847&custom_utm_medium=ad"
"Острый суп с водорослями вакамэ"," 55","Суп","Доставка пиццы и суши 33","https://eda.ua/restorany/dostavka-piccy-i-sushi-33?custom_utm_source=eda&custom_utm_campaign=catalog-kiev-2&custom_utm_content=1847&custom_utm_medium=ad"
"Суп «Сливочный с лососем»"," 90","Суп","Доставка пиццы и суши 33","https://eda.ua/restorany/dostavka-piccy-i-sushi-33?custom_utm_source=eda&custom_utm_campaign=catalog-kiev-2&custom_utm_content=1847&custom_utm_medium=ad"
"Солянка «Мясная»"," 80","Суп","Доставка пиццы и суши 33","https://eda.ua/restorany/dostavka-piccy-i-sushi-33?custom_utm_source=eda&custom_utm_campaign=catalog-kiev-2&custom_utm_content=1847&custom_utm_medium=ad"
"Крем-суп «Тыквенный с лососем»"," 90","Суп","Доставка пиццы и суши 33","https://eda.ua/restorany/dostavka-piccy-i-sushi-33?custom_utm_source=eda&custom_utm_campaign=catalog-kiev-2&custom_utm_content=1847&custom_utm_medium=ad"
"Куриный бульон"," 60","Суп","Доставка пиццы и суши 33","https://eda.ua/restorany/dostavka-piccy-i-sushi-33?custom_utm_source=eda&custom_utm_campaign=catalog-kiev-2&custom_utm_content=1847&custom_utm_medium=ad"
"Сухарики «К супу»"," 5","Суп","Доставка пиццы и суши 33","https://eda.ua/restorany/dostavka-piccy-i-sushi-33?custom_utm_source=eda&custom_utm_campaign=catalog-kiev-2&custom_utm_content=1847&custom_utm_medium=ad"
"Крем-суп из чечевицы"," 60","Суп","Доставка пиццы и суши 33","https://eda.ua/restorany/dostavka-piccy-i-sushi-33?custom_utm_source=eda&custom_utm_campaign=catalog-kiev-2&custom_utm_content=1847&custom_utm_medium=ad"
"Салат «Греческий»"," 85","Салат","Доставка пиццы и суши 33","https://eda.ua/restorany/dostavka-piccy-i-sushi-33?custom_utm_source=eda&custom_utm_campaign=catalog-kiev-2&custom_utm_content=1847&custom_utm_medium=ad"
"Салат «Сивид»"," 60","Салат","Доставка пиццы и суши 33","https://eda.ua/restorany/dostavka-piccy-i-sushi-33?custom_utm_source=eda&custom_utm_campaign=catalog-kiev-2&custom_utm_content=1847&custom_utm_medium=ad"
"Рисовые чипсы"," 40","Салат","Доставка пиццы и суши 33","https://eda.ua/restorany/dostavka-piccy-i-sushi-33?custom_utm_source=eda&custom_utm_campaign=catalog-kiev-2&custom_utm_content=1847&custom_utm_medium=ad"
"Cалат «Цезарь»"," 105","Салат","Доставка пиццы и суши 33","https://eda.ua/restorany/dostavka-piccy-i-sushi-33?custom_utm_source=eda&custom_utm_campaign=catalog-kiev-2&custom_utm_content=1847&custom_utm_medium=ad"
"Салат «Цезарь с креветками»"," 140","Салат","Доставка пиццы и суши 33","https://eda.ua/restorany/dostavka-piccy-i-sushi-33?custom_utm_source=eda&custom_utm_campaign=catalog-kiev-2&custom_utm_content=1847&custom_utm_medium=ad"
"Салат «Азиатский»"," 85","Салат","Доставка пиццы и суши 33","https://eda.ua/restorany/dostavka-piccy-i-sushi-33?custom_utm_source=eda&custom_utm_campaign=catalog-kiev-2&custom_utm_content=1847&custom_utm_medium=ad"
"Салат «Сивид с тофу и древесным грибом»"," 85","Салат","Доставка пиццы и суши 33","https://eda.ua/restorany/dostavka-piccy-i-sushi-33?custom_utm_source=eda&custom_utm_campaign=catalog-kiev-2&custom_utm_content=1847&custom_utm_medium=ad"
"Рис «Тайский с овощами и тофу»"," 90","Паста","Доставка пиццы и суши 33","https://eda.ua/restorany/dostavka-piccy-i-sushi-33?custom_utm_source=eda&custom_utm_campaign=catalog-kiev-2&custom_utm_content=1847&custom_utm_medium=ad"
"Рис «Тайский с курицей»"," 100","Паста","Доставка пиццы и суши 33","https://eda.ua/restorany/dostavka-piccy-i-sushi-33?custom_utm_source=eda&custom_utm_campaign=catalog-kiev-2&custom_utm_content=1847&custom_utm_medium=ad"
"Рис «Тайский со свининой»"," 105","Паста","Доставка пиццы и суши 33","https://eda.ua/restorany/dostavka-piccy-i-sushi-33?custom_utm_source=eda&custom_utm_campaign=catalog-kiev-2&custom_utm_content=1847&custom_utm_medium=ad"
"Лапша «Удон с овощами»"," 90","Паста","Доставка пиццы и суши 33","https://eda.ua/restorany/dostavka-piccy-i-sushi-33?custom_utm_source=eda&custom_utm_campaign=catalog-kiev-2&custom_utm_content=1847&custom_utm_medium=ad"
"Лапша «Удон с курицей»"," 100","Паста","Доставка пиццы и суши 33","https://eda.ua/restorany/dostavka-piccy-i-sushi-33?custom_utm_source=eda&custom_utm_campaign=catalog-kiev-2&custom_utm_content=1847&custom_utm_medium=ad"
"Лапша «Удон со свининой»"," 105","Паста","Доставка пиццы и суши 33","https://eda.ua/restorany/dostavka-piccy-i-sushi-33?custom_utm_source=eda&custom_utm_campaign=catalog-kiev-2&custom_utm_content=1847&custom_utm_medium=ad"
"Лапша «Удон с телятиной»"," 110","Паста","Доставка пиццы и суши 33","https://eda.ua/restorany/dostavka-piccy-i-sushi-33?custom_utm_source=eda&custom_utm_campaign=catalog-kiev-2&custom_utm_content=1847&custom_utm_medium=ad"
"Лапша «Удон с креветками в сливочном соусе»"," 170","Паста","Доставка пиццы и суши 33","https://eda.ua/restorany/dostavka-piccy-i-sushi-33?custom_utm_source=eda&custom_utm_campaign=catalog-kiev-2&custom_utm_content=1847&custom_utm_medium=ad"
"Рис «Тайский с телятиной»"," 110","Паста","Доставка пиццы и суши 33","https://eda.ua/restorany/dostavka-piccy-i-sushi-33?custom_utm_source=eda&custom_utm_campaign=catalog-kiev-2&custom_utm_content=1847&custom_utm_medium=ad"
"Ролл «Филадельфия с лососем и икрой масаго»"," 110","Суши","Доставка пиццы и суши 33","https://eda.ua/restorany/dostavka-piccy-i-sushi-33?custom_utm_source=eda&custom_utm_campaign=catalog-kiev-2&custom_utm_content=1847&custom_utm_medium=ad"
"Ролл «Острый с овощами»"," 69","Суши","Доставка пиццы и суши 33","https://eda.ua/restorany/dostavka-piccy-i-sushi-33?custom_utm_source=eda&custom_utm_campaign=catalog-kiev-2&custom_utm_content=1847&custom_utm_medium=ad"
"Ролл «Филадельфия с угрем и курицей»"," 99","Суши","Доставка пиццы и суши 33","https://eda.ua/restorany/dostavka-piccy-i-sushi-33?custom_utm_source=eda&custom_utm_campaign=catalog-kiev-2&custom_utm_content=1847&custom_utm_medium=ad"
"Ролл «Маки с креветкой»"," 85","Суши","Доставка пиццы и суши 33","https://eda.ua/restorany/dostavka-piccy-i-sushi-33?custom_utm_source=eda&custom_utm_campaign=catalog-kiev-2&custom_utm_content=1847&custom_utm_medium=ad"
"Ролл «Маки с лососем»"," 73","Суши","Доставка пиццы и суши 33","https://eda.ua/restorany/dostavka-piccy-i-sushi-33?custom_utm_source=eda&custom_utm_campaign=catalog-kiev-2&custom_utm_content=1847&custom_utm_medium=ad"
"Ролл «Маки с авокадо»"," 55","Суши","Доставка пиццы и суши 33","https://eda.ua/restorany/dostavka-piccy-i-sushi-33?custom_utm_source=eda&custom_utm_campaign=catalog-kiev-2&custom_utm_content=1847&custom_utm_medium=ad"
"Ролл «Маки с огурцом»"," 39","Суши","Доставка пиццы и суши 33","https://eda.ua/restorany/dostavka-piccy-i-sushi-33?custom_utm_source=eda&custom_utm_campaign=catalog-kiev-2&custom_utm_content=1847&custom_utm_medium=ad"
"Ролл «Маки с угрем»"," 93","Суши","Доставка пиццы и суши 33","https://eda.ua/restorany/dostavka-piccy-i-sushi-33?custom_utm_source=eda&custom_utm_campaign=catalog-kiev-2&custom_utm_content=1847&custom_utm_medium=ad"
"Ролл «33»"," 175","Суши","Доставка пиццы и суши 33","https://eda.ua/restorany/dostavka-piccy-i-sushi-33?custom_utm_source=eda&custom_utm_campaign=catalog-kiev-2&custom_utm_content=1847&custom_utm_medium=ad"
"Ролл «Филадельфия c лососем и креветкой»"," 185","Суши","Доставка пиццы и суши 33","https://eda.ua/restorany/dostavka-piccy-i-sushi-33?custom_utm_source=eda&custom_utm_campaign=catalog-kiev-2&custom_utm_content=1847&custom_utm_medium=ad"
"Ролл «Филадельфия c лососем и угрем»"," 195","Суши","Доставка пиццы и суши 33","https://eda.ua/restorany/dostavka-piccy-i-sushi-33?custom_utm_source=eda&custom_utm_campaign=catalog-kiev-2&custom_utm_content=1847&custom_utm_medium=ad"
"Ролл «Огненный дракон»"," 197","Суши","Доставка пиццы и суши 33","https://eda.ua/restorany/dostavka-piccy-i-sushi-33?custom_utm_source=eda&custom_utm_campaign=catalog-kiev-2&custom_utm_content=1847&custom_utm_medium=ad"
"Ролл «Филадельфия с копченым лососем»"," 145","Суши","Доставка пиццы и суши 33","https://eda.ua/restorany/dostavka-piccy-i-sushi-33?custom_utm_source=eda&custom_utm_campaign=catalog-kiev-2&custom_utm_content=1847&custom_utm_medium=ad"
"Ролл «Золотой дракон»"," 190","Суши","Доставка пиццы и суши 33","https://eda.ua/restorany/dostavka-piccy-i-sushi-33?custom_utm_source=eda&custom_utm_campaign=catalog-kiev-2&custom_utm_content=1847&custom_utm_medium=ad"
"Ролл «Филадельфия с лососем и авокадо»"," 149","Суши","Доставка пиццы и суши 33","https://eda.ua/restorany/dostavka-piccy-i-sushi-33?custom_utm_source=eda&custom_utm_campaign=catalog-kiev-2&custom_utm_content=1847&custom_utm_medium=ad"
"Ролл «Филадельфия с лососем и огурцом»"," 145","Суши","Доставка пиццы и суши 33","https://eda.ua/restorany/dostavka-piccy-i-sushi-33?custom_utm_source=eda&custom_utm_campaign=catalog-kiev-2&custom_utm_content=1847&custom_utm_medium=ad"
"Ролл «Филадельфия с лососем»"," 145","Суши","Доставка пиццы и суши 33","https://eda.ua/restorany/dostavka-piccy-i-sushi-33?custom_utm_source=eda&custom_utm_campaign=catalog-kiev-2&custom_utm_content=1847&custom_utm_medium=ad"
"Ролл «Филадельфия с копченым лососем и масляной рыбой»"," 145","Суши","Доставка пиццы и суши 33","https://eda.ua/restorany/dostavka-piccy-i-sushi-33?custom_utm_source=eda&custom_utm_campaign=catalog-kiev-2&custom_utm_content=1847&custom_utm_medium=ad"
"Ролл «Красный дракон»"," 199","Суши","Доставка пиццы и суши 33","https://eda.ua/restorany/dostavka-piccy-i-sushi-33?custom_utm_source=eda&custom_utm_campaign=catalog-kiev-2&custom_utm_content=1847&custom_utm_medium=ad"
"Ролл «Белый дракон»"," 105","Суши","Доставка пиццы и суши 33","https://eda.ua/restorany/dostavka-piccy-i-sushi-33?custom_utm_source=eda&custom_utm_campaign=catalog-kiev-2&custom_utm_content=1847&custom_utm_medium=ad"
"Ролл «Филадельфия с угрем»"," 149","Суши","Доставка пиццы и суши 33","https://eda.ua/restorany/dostavka-piccy-i-sushi-33?custom_utm_source=eda&custom_utm_campaign=catalog-kiev-2&custom_utm_content=1847&custom_utm_medium=ad"
"Ролл с овощами в икре масаго"," 79","Суши","Доставка пиццы и суши 33","https://eda.ua/restorany/dostavka-piccy-i-sushi-33?custom_utm_source=eda&custom_utm_campaign=catalog-kiev-2&custom_utm_content=1847&custom_utm_medium=ad"
"Ролл «Филадельфия с крабовой палочкой в икре масаго»"," 99","Суши","Доставка пиццы и суши 33","https://eda.ua/restorany/dostavka-piccy-i-sushi-33?custom_utm_source=eda&custom_utm_campaign=catalog-kiev-2&custom_utm_content=1847&custom_utm_medium=ad"
"Ролл «Калифорния с лососем»"," 99","Суши","Доставка пиццы и суши 33","https://eda.ua/restorany/dostavka-piccy-i-sushi-33?custom_utm_source=eda&custom_utm_campaign=catalog-kiev-2&custom_utm_content=1847&custom_utm_medium=ad"
"Ролл «Филадельфия с крабовой палочкой и копченым лососем»"," 99","Суши","Доставка пиццы и суши 33","https://eda.ua/restorany/dostavka-piccy-i-sushi-33?custom_utm_source=eda&custom_utm_campaign=catalog-kiev-2&custom_utm_content=1847&custom_utm_medium=ad"
"Ролл «Калифорния с филадельфией и угрем»"," 115","Суши","Доставка пиццы и суши 33","https://eda.ua/restorany/dostavka-piccy-i-sushi-33?custom_utm_source=eda&custom_utm_campaign=catalog-kiev-2&custom_utm_content=1847&custom_utm_medium=ad"
"Ролл «Черный дракон»"," 150","Суши","Доставка пиццы и суши 33","https://eda.ua/restorany/dostavka-piccy-i-sushi-33?custom_utm_source=eda&custom_utm_campaign=catalog-kiev-2&custom_utm_content=1847&custom_utm_medium=ad"
"Ролл «Зеленый дракон»"," 155","Суши","Доставка пиццы и суши 33","https://eda.ua/restorany/dostavka-piccy-i-sushi-33?custom_utm_source=eda&custom_utm_campaign=catalog-kiev-2&custom_utm_content=1847&custom_utm_medium=ad"
"Ролл «Калифорния с угрем»"," 115","Суши","Доставка пиццы и суши 33","https://eda.ua/restorany/dostavka-piccy-i-sushi-33?custom_utm_source=eda&custom_utm_campaign=catalog-kiev-2&custom_utm_content=1847&custom_utm_medium=ad"
"Ролл «Калифорния с филадельфией и жареным лососем»"," 115","Суши","Доставка пиццы и суши 33","https://eda.ua/restorany/dostavka-piccy-i-sushi-33?custom_utm_source=eda&custom_utm_campaign=catalog-kiev-2&custom_utm_content=1847&custom_utm_medium=ad"
"Ролл «Вегетарианский с баклажаном»"," 80","Суши","Доставка пиццы и суши 33","https://eda.ua/restorany/dostavka-piccy-i-sushi-33?custom_utm_source=eda&custom_utm_campaign=catalog-kiev-2&custom_utm_content=1847&custom_utm_medium=ad"
"Ролл «Калифорния с филадельфией и копченым лососем»"," 115","Суши","Доставка пиццы и суши 33","https://eda.ua/restorany/dostavka-piccy-i-sushi-33?custom_utm_source=eda&custom_utm_campaign=catalog-kiev-2&custom_utm_content=1847&custom_utm_medium=ad"
"Ролл «Калифорния с креветкой в икре масаго»"," 119","Суши","Доставка пиццы и суши 33","https://eda.ua/restorany/dostavka-piccy-i-sushi-33?custom_utm_source=eda&custom_utm_campaign=catalog-kiev-2&custom_utm_content=1847&custom_utm_medium=ad"
"Ролл «Микс с крабом и лососем»"," 110","Суши","Доставка пиццы и суши 33","https://eda.ua/restorany/dostavka-piccy-i-sushi-33?custom_utm_source=eda&custom_utm_campaign=catalog-kiev-2&custom_utm_content=1847&custom_utm_medium=ad"
"Ролл «Микс с лососем горячего копчения»"," 110","Суши","Доставка пиццы и суши 33","https://eda.ua/restorany/dostavka-piccy-i-sushi-33?custom_utm_source=eda&custom_utm_campaign=catalog-kiev-2&custom_utm_content=1847&custom_utm_medium=ad"
"Ролл «Филадельфия нежная с манго»"," 99","Суши","Доставка пиццы и суши 33","https://eda.ua/restorany/dostavka-piccy-i-sushi-33?custom_utm_source=eda&custom_utm_campaign=catalog-kiev-2&custom_utm_content=1847&custom_utm_medium=ad"
"Ролл «Калифорнийский микс краб с лососем»"," 99","Суши","Доставка пиццы и суши 33","https://eda.ua/restorany/dostavka-piccy-i-sushi-33?custom_utm_source=eda&custom_utm_campaign=catalog-kiev-2&custom_utm_content=1847&custom_utm_medium=ad"
"Суши-сэндвич с лососем"," 85","Суши","Доставка пиццы и суши 33","https://eda.ua/restorany/dostavka-piccy-i-sushi-33?custom_utm_source=eda&custom_utm_campaign=catalog-kiev-2&custom_utm_content=1847&custom_utm_medium=ad"
"Суши-сэндвич с креветкой"," 85","Суши","Доставка пиццы и суши 33","https://eda.ua/restorany/dostavka-piccy-i-sushi-33?custom_utm_source=eda&custom_utm_campaign=catalog-kiev-2&custom_utm_content=1847&custom_utm_medium=ad"
"Суши-сэндвич с угрем"," 99","Суши","Доставка пиццы и суши 33","https://eda.ua/restorany/dostavka-piccy-i-sushi-33?custom_utm_source=eda&custom_utm_campaign=catalog-kiev-2&custom_utm_content=1847&custom_utm_medium=ad"
"Сет «Фирменный комбо 33»"," 640","Суши","Доставка пиццы и суши 33","https://eda.ua/restorany/dostavka-piccy-i-sushi-33?custom_utm_source=eda&custom_utm_campaign=catalog-kiev-2&custom_utm_content=1847&custom_utm_medium=ad"
"Сет «Филадельфия + 1 л BonAqua»"," 390","Суши","Доставка пиццы и суши 33","https://eda.ua/restorany/dostavka-piccy-i-sushi-33?custom_utm_source=eda&custom_utm_campaign=catalog-kiev-2&custom_utm_content=1847&custom_utm_medium=ad"
"Сет «Филадельфия + 1 л Coca-Cola»"," 390","Суши","Доставка пиццы и суши 33","https://eda.ua/restorany/dostavka-piccy-i-sushi-33?custom_utm_source=eda&custom_utm_campaign=catalog-kiev-2&custom_utm_content=1847&custom_utm_medium=ad"
"Сет «Филадельфия + 1 л Schweppes Лимон»"," 390","Суши","Доставка пиццы и суши 33","https://eda.ua/restorany/dostavka-piccy-i-sushi-33?custom_utm_source=eda&custom_utm_campaign=catalog-kiev-2&custom_utm_content=1847&custom_utm_medium=ad"
"Сет «Филадельфия + 1 л Schweppes Мохито»"," 390","Суши","Доставка пиццы и суши 33","https://eda.ua/restorany/dostavka-piccy-i-sushi-33?custom_utm_source=eda&custom_utm_campaign=catalog-kiev-2&custom_utm_content=1847&custom_utm_medium=ad"
"Сет «Филадельфия и Калифорния + 1 л Schweppes Лимон»"," 450","Суши","Доставка пиццы и суши 33","https://eda.ua/restorany/dostavka-piccy-i-sushi-33?custom_utm_source=eda&custom_utm_campaign=catalog-kiev-2&custom_utm_content=1847&custom_utm_medium=ad"
"Сет «Филадельфия и Калифорния + 1 л Schweppes Мохито»"," 450","Суши","Доставка пиццы и суши 33","https://eda.ua/restorany/dostavka-piccy-i-sushi-33?custom_utm_source=eda&custom_utm_campaign=catalog-kiev-2&custom_utm_content=1847&custom_utm_medium=ad"
"Сет «Филадельфия и Калифорния + 1 л Coca-Cola»"," 450","Суши","Доставка пиццы и суши 33","https://eda.ua/restorany/dostavka-piccy-i-sushi-33?custom_utm_source=eda&custom_utm_campaign=catalog-kiev-2&custom_utm_content=1847&custom_utm_medium=ad"
"Сет «Филадельфия и Калифорния + 1 л BonAqua»"," 450","Суши","Доставка пиццы и суши 33","https://eda.ua/restorany/dostavka-piccy-i-sushi-33?custom_utm_source=eda&custom_utm_campaign=catalog-kiev-2&custom_utm_content=1847&custom_utm_medium=ad"
"Сет «Роллы с лососем + 1 л Coca-Cola»"," 499","Суши","Доставка пиццы и суши 33","https://eda.ua/restorany/dostavka-piccy-i-sushi-33?custom_utm_source=eda&custom_utm_campaign=catalog-kiev-2&custom_utm_content=1847&custom_utm_medium=ad"
"Сет «Роллы с лососем + 1 л BonAqua»"," 499","Суши","Доставка пиццы и суши 33","https://eda.ua/restorany/dostavka-piccy-i-sushi-33?custom_utm_source=eda&custom_utm_campaign=catalog-kiev-2&custom_utm_content=1847&custom_utm_medium=ad"
"Сет «Роллы с лососем + 1 л Schweppes Мохито»"," 499","Суши","Доставка пиццы и суши 33","https://eda.ua/restorany/dostavka-piccy-i-sushi-33?custom_utm_source=eda&custom_utm_campaign=catalog-kiev-2&custom_utm_content=1847&custom_utm_medium=ad"
"Сет «Роллы с лососем + 1 л Schweppes Лимон»"," 499","Суши","Доставка пиццы и суши 33","https://eda.ua/restorany/dostavka-piccy-i-sushi-33?custom_utm_source=eda&custom_utm_campaign=catalog-kiev-2&custom_utm_content=1847&custom_utm_medium=ad"
"Сет «Финляндия макси + 1 л Coca-Cola»"," 660","Суши","Доставка пиццы и суши 33","https://eda.ua/restorany/dostavka-piccy-i-sushi-33?custom_utm_source=eda&custom_utm_campaign=catalog-kiev-2&custom_utm_content=1847&custom_utm_medium=ad"
"Сет «Финляндия макси + 1 л BonAqua»"," 660","Суши","Доставка пиццы и суши 33","https://eda.ua/restorany/dostavka-piccy-i-sushi-33?custom_utm_source=eda&custom_utm_campaign=catalog-kiev-2&custom_utm_content=1847&custom_utm_medium=ad"
"Сет «Финляндия макси + 1 л Schweppes Мохито»"," 660","Суши","Доставка пиццы и суши 33","https://eda.ua/restorany/dostavka-piccy-i-sushi-33?custom_utm_source=eda&custom_utm_campaign=catalog-kiev-2&custom_utm_content=1847&custom_utm_medium=ad"
"Сет «Финляндия макси + 1 л Schweppes Лимон»"," 660","Суши","Доставка пиццы и суши 33","https://eda.ua/restorany/dostavka-piccy-i-sushi-33?custom_utm_source=eda&custom_utm_campaign=catalog-kiev-2&custom_utm_content=1847&custom_utm_medium=ad"
"Сет «Финляндия + 1 л Coca-Cola»"," 340","Суши","Доставка пиццы и суши 33","https://eda.ua/restorany/dostavka-piccy-i-sushi-33?custom_utm_source=eda&custom_utm_campaign=catalog-kiev-2&custom_utm_content=1847&custom_utm_medium=ad"
"Сет «Финляндия + 1 л BonAqua»"," 340","Суши","Доставка пиццы и суши 33","https://eda.ua/restorany/dostavka-piccy-i-sushi-33?custom_utm_source=eda&custom_utm_campaign=catalog-kiev-2&custom_utm_content=1847&custom_utm_medium=ad"
"Сет «Финляндия + 1 л Schweppes Мохито»"," 340","Суши","Доставка пиццы и суши 33","https://eda.ua/restorany/dostavka-piccy-i-sushi-33?custom_utm_source=eda&custom_utm_campaign=catalog-kiev-2&custom_utm_content=1847&custom_utm_medium=ad"
"Сет «Финляндия + 1 л Schweppes Лимон»"," 340","Суши","Доставка пиццы и суши 33","https://eda.ua/restorany/dostavka-piccy-i-sushi-33?custom_utm_source=eda&custom_utm_campaign=catalog-kiev-2&custom_utm_content=1847&custom_utm_medium=ad"
"Сет «Филадельфия max + 1 л Coca-Cola»"," 760","Суши","Доставка пиццы и суши 33","https://eda.ua/restorany/dostavka-piccy-i-sushi-33?custom_utm_source=eda&custom_utm_campaign=catalog-kiev-2&custom_utm_content=1847&custom_utm_medium=ad"
"Сет «Филадельфия max + 1 л BonAqua»"," 760","Суши","Доставка пиццы и суши 33","https://eda.ua/restorany/dostavka-piccy-i-sushi-33?custom_utm_source=eda&custom_utm_campaign=catalog-kiev-2&custom_utm_content=1847&custom_utm_medium=ad"
"Сет «Филадельфия max + 1 л Schweppes Мохито»"," 760","Суши","Доставка пиццы и суши 33","https://eda.ua/restorany/dostavka-piccy-i-sushi-33?custom_utm_source=eda&custom_utm_campaign=catalog-kiev-2&custom_utm_content=1847&custom_utm_medium=ad"
"Сет «Филадельфия max + 1 л Schweppes Лимон»"," 760","Суши","Доставка пиццы и суши 33","https://eda.ua/restorany/dostavka-piccy-i-sushi-33?custom_utm_source=eda&custom_utm_campaign=catalog-kiev-2&custom_utm_content=1847&custom_utm_medium=ad"
"Сет «Маки + 1 л Coca-Cola»"," 250","Суши","Доставка пиццы и суши 33","https://eda.ua/restorany/dostavka-piccy-i-sushi-33?custom_utm_source=eda&custom_utm_campaign=catalog-kiev-2&custom_utm_content=1847&custom_utm_medium=ad"
"Сет «Маки + 1 л Schweppes Мохито»"," 250","Суши","Доставка пиццы и суши 33","https://eda.ua/restorany/dostavka-piccy-i-sushi-33?custom_utm_source=eda&custom_utm_campaign=catalog-kiev-2&custom_utm_content=1847&custom_utm_medium=ad"
"Сет «Маки макси + 1 л Coca-Cola»"," 380","Суши","Доставка пиццы и суши 33","https://eda.ua/restorany/dostavka-piccy-i-sushi-33?custom_utm_source=eda&custom_utm_campaign=catalog-kiev-2&custom_utm_content=1847&custom_utm_medium=ad"
"Сет «Маки макси + 1 л Schweppes Мохито»"," 380","Суши","Доставка пиццы и суши 33","https://eda.ua/restorany/dostavka-piccy-i-sushi-33?custom_utm_source=eda&custom_utm_campaign=catalog-kiev-2&custom_utm_content=1847&custom_utm_medium=ad"
"Сет «Маки макси + 1 л Schweppes Лимон»"," 380","Суши","Доставка пиццы и суши 33","https://eda.ua/restorany/dostavka-piccy-i-sushi-33?custom_utm_source=eda&custom_utm_campaign=catalog-kiev-2&custom_utm_content=1847&custom_utm_medium=ad"
"Сет «Маки макси + 1 л BonAqua»"," 380","Суши","Доставка пиццы и суши 33","https://eda.ua/restorany/dostavka-piccy-i-sushi-33?custom_utm_source=eda&custom_utm_campaign=catalog-kiev-2&custom_utm_content=1847&custom_utm_medium=ad"
"Сет «Маки + 1 л BonAqua»"," 250","Суши","Доставка пиццы и суши 33","https://eda.ua/restorany/dostavka-piccy-i-sushi-33?custom_utm_source=eda&custom_utm_campaign=catalog-kiev-2&custom_utm_content=1847&custom_utm_medium=ad"
"Сет «Маки + 1 л Schweppes Лимон»"," 250","Суши","Доставка пиццы и суши 33","https://eda.ua/restorany/dostavka-piccy-i-sushi-33?custom_utm_source=eda&custom_utm_campaign=catalog-kiev-2&custom_utm_content=1847&custom_utm_medium=ad"
"Сет «Драконы + 1 л Schweppes Лимон»"," 830","Суши","Доставка пиццы и суши 33","https://eda.ua/restorany/dostavka-piccy-i-sushi-33?custom_utm_source=eda&custom_utm_campaign=catalog-kiev-2&custom_utm_content=1847&custom_utm_medium=ad"
"Сет «Драконы + 1 л BonAqua»"," 830","Суши","Доставка пиццы и суши 33","https://eda.ua/restorany/dostavka-piccy-i-sushi-33?custom_utm_source=eda&custom_utm_campaign=catalog-kiev-2&custom_utm_content=1847&custom_utm_medium=ad"
"Сет «Драконы + 1 л Coca-Cola»"," 830","Суши","Доставка пиццы и суши 33","https://eda.ua/restorany/dostavka-piccy-i-sushi-33?custom_utm_source=eda&custom_utm_campaign=catalog-kiev-2&custom_utm_content=1847&custom_utm_medium=ad"
"Сет «Драконы + 1 л Schweppes Мохито»"," 830","Суши","Доставка пиццы и суши 33","https://eda.ua/restorany/dostavka-piccy-i-sushi-33?custom_utm_source=eda&custom_utm_campaign=catalog-kiev-2&custom_utm_content=1847&custom_utm_medium=ad"
"Сет «Краб флай + 1 л BonAqua»"," 380","Суши","Доставка пиццы и суши 33","https://eda.ua/restorany/dostavka-piccy-i-sushi-33?custom_utm_source=eda&custom_utm_campaign=catalog-kiev-2&custom_utm_content=1847&custom_utm_medium=ad"
"Сет «Краб флай + 1 л Schweppes Мохито»"," 380","Суши","Доставка пиццы и суши 33","https://eda.ua/restorany/dostavka-piccy-i-sushi-33?custom_utm_source=eda&custom_utm_campaign=catalog-kiev-2&custom_utm_content=1847&custom_utm_medium=ad"
"Сет «Краб флай + 1 л Coca-Cola»"," 380","Суши","Доставка пиццы и суши 33","https://eda.ua/restorany/dostavka-piccy-i-sushi-33?custom_utm_source=eda&custom_utm_campaign=catalog-kiev-2&custom_utm_content=1847&custom_utm_medium=ad"
"Сет «Краб флай + 1 л Schweppes Лимон»"," 380","Суши","Доставка пиццы и суши 33","https://eda.ua/restorany/dostavka-piccy-i-sushi-33?custom_utm_source=eda&custom_utm_campaign=catalog-kiev-2&custom_utm_content=1847&custom_utm_medium=ad"
"Суши «Гункан сивид»"," 24","Суши","Доставка пиццы и суши 33","https://eda.ua/restorany/dostavka-piccy-i-sushi-33?custom_utm_source=eda&custom_utm_campaign=catalog-kiev-2&custom_utm_content=1847&custom_utm_medium=ad"
"Суши «Гункан тобико»"," 30","Суши","Доставка пиццы и суши 33","https://eda.ua/restorany/dostavka-piccy-i-sushi-33?custom_utm_source=eda&custom_utm_campaign=catalog-kiev-2&custom_utm_content=1847&custom_utm_medium=ad"
"Суши «Нигири сяке кунсей»"," 30","Суши","Доставка пиццы и суши 33","https://eda.ua/restorany/dostavka-piccy-i-sushi-33?custom_utm_source=eda&custom_utm_campaign=catalog-kiev-2&custom_utm_content=1847&custom_utm_medium=ad"
"Суши «Нигири сяке»"," 34","Суши","Доставка пиццы и суши 33","https://eda.ua/restorany/dostavka-piccy-i-sushi-33?custom_utm_source=eda&custom_utm_campaign=catalog-kiev-2&custom_utm_content=1847&custom_utm_medium=ad"
"Суши «Нигири унаги»"," 40","Суши","Доставка пиццы и суши 33","https://eda.ua/restorany/dostavka-piccy-i-sushi-33?custom_utm_source=eda&custom_utm_campaign=catalog-kiev-2&custom_utm_content=1847&custom_utm_medium=ad"
"Суши «Гункан спайс унаги»"," 40","Суши","Доставка пиццы и суши 33","https://eda.ua/restorany/dostavka-piccy-i-sushi-33?custom_utm_source=eda&custom_utm_campaign=catalog-kiev-2&custom_utm_content=1847&custom_utm_medium=ad"
"Суши «Гункан фила кунсей»"," 40","Суши","Доставка пиццы и суши 33","https://eda.ua/restorany/dostavka-piccy-i-sushi-33?custom_utm_source=eda&custom_utm_campaign=catalog-kiev-2&custom_utm_content=1847&custom_utm_medium=ad"
"Суши «Гункан спайс сяке»"," 34","Суши","Доставка пиццы и суши 33","https://eda.ua/restorany/dostavka-piccy-i-sushi-33?custom_utm_source=eda&custom_utm_campaign=catalog-kiev-2&custom_utm_content=1847&custom_utm_medium=ad"
"Суши «Гункан микс краб»"," 25","Суши","Доставка пиццы и суши 33","https://eda.ua/restorany/dostavka-piccy-i-sushi-33?custom_utm_source=eda&custom_utm_campaign=catalog-kiev-2&custom_utm_content=1847&custom_utm_medium=ad"
